item,support,support_pct
V1_low,590540,100.0
DIST2_q1,590540,100.0
V14_low,590540,100.0
V12_low,587125,99.42
V4_low,582474,98.63
V13_low,580469,98.29
V2_low,578201,97.91
V3_low,569890,96.5
NOT_FRAUD,569877,96.5
DIST1_veryclose,479974,81.28
DEVICE_info_Unknown,471874,79.91
DEVICE_type_Unknown,449730,76.16
CARD_type_debit,439938,74.5
PROD_W,439670,74.45
CARD_brand_visa,384767,65.16
EMAIL_webmail,379635,64.29
CARD_brand_mastercard,189217,32.04
AMT_micro,187515,31.75
AMT_small,160742,27.22
CARD_type_credit,148986,25.23
AMT_medium,141813,24.01
EMAIL_unknown,94456,15.99
DEVICE_type_desktop,85165,14.42
EMAIL_corporate,79375,13.44
AMT_large,76146,12.89
DIST1_close,68670,11.63
PROD_C,68519,11.6
DEVICE_type_mobile,55645,9.42
DEVICE_info_Windows,47722,8.08
PROD_R,37699,6.38
EMAIL_anonymous,36998,6.27
PROD_H,33024,5.59
FRAUD,20663,3.5
V3_high,20650,3.5
DEVICE_info_iOS_Device,19782,3.35
DIST1_veryfar,18199,3.08
AMT_xlarge,16744,2.84
DIST1_far,14762,2.5
DEVICE_info_MacOS,12573,2.13
V2_high,12339,2.09
PROD_S,11628,1.97
V13_high,10071,1.71
DIST1_medium,8935,1.51
CARD_brand_american_express,8328,1.41
V4_high,8066,1.37
AMT_xxlarge,7562,1.28
DEVICE_info_Trident/7.0,7440,1.26
CARD_brand_discover,6651,1.13
V12_high,3415,0.58
DEVICE_info_rv:11.0,1901,0.32
CARD_brand_Unknown,1577,0.27
CARD_type_Unknown,1571,0.27
DEVICE_info_rv:57.0,962,0.16
DEVICE_info_SM-J700M_Build/MMB29K,549,0.09
DEVICE_info_SM-G610M_Build/MMB29K,461,0.08
DEVICE_info_SM-G531H_Build/LMY48B,410,0.07
DEVICE_info_rv:59.0,362,0.06
DEVICE_info_SM-G935F_Build/NRD90M,334,0.06
DEVICE_info_SM-G955U_Build/NRD90M,328,0.06
DEVICE_info_SM-G532M_Build/MMB29T,316,0.05
DEVICE_info_ALE-L23_Build/HuaweiALE-L23,312,0.05
DEVICE_info_SM-G950U_Build/NRD90M,290,0.05
DEVICE_info_SM-G930V_Build/NRD90M,274,0.05
DEVICE_info_rv:58.0,269,0.05
DEVICE_info_rv:52.0,256,0.04
DEVICE_info_SAMSUNG,235,0.04
DEVICE_info_SM-G950F_Build/NRD90M,225,0.04
DEVICE_info_Moto_G_(4)_Build/NPJ25.93-14.7,219,0.04
DEVICE_info_SM-N950U_Build/NMF26X,209,0.04
DEVICE_info_SM-A300H_Build/LRX22G,203,0.03
DEVICE_info_hi6210sft_Build/MRA58K,190,0.03
DEVICE_info_SM-J730GM_Build/NRD90M,184,0.03
DEVICE_info_SM-G570M_Build/MMB29K,182,0.03
DEVICE_info_rv:48.0,178,0.03
DEVICE_info_CAM-L03_Build/HUAWEICAM-L03,172,0.03
DEVICE_info_SM-J320M_Build/LMY47V,171,0.03
DEVICE_info_LG-M700_Build/NMF26X,169,0.03
DEVICE_info_Moto_E_(4)_Plus_Build/NMA26.42-69,160,0.03
DEVICE_info_SM-J510MN_Build/MMB29M,157,0.03
DEVICE_info_SM-J701M_Build/NRD90M,154,0.03
DEVICE_info_LG-D693n_Build/LRX22G,150,0.03
DEVICE_info_Moto_G_(4)_Build/NPJS25.93-14-13,147,0.02
DEVICE_info_SM-A520F_Build/NRD90M,144,0.02
DEVICE_info_SM-G930F_Build/NRD90M,144,0.02
DEVICE_info_SM-G935V_Build/NRD90M,137,0.02
DEVICE_info_LG-K410_Build/LRX22G,136,0.02
DEVICE_info_PRA-LX3_Build/HUAWEIPRA-LX3,135,0.02
DEVICE_info_SM-G955F_Build/NRD90M,134,0.02
DEVICE_info_Moto_G_(5)_Plus_Build/NPN25.137-92,130,0.02
DEVICE_info_Moto_Z2_Play_Build/NPSS26.118-19-14,129,0.02
DEVICE_info_Moto_G_Play_Build/MPIS24.241-15.3-7,129,0.02
DEVICE_info_Moto_E_(4)_Build/NMA26.42-69,125,0.02
DEVICE_info_TRT-L53_Build/HUAWEITRT-L53,122,0.02
DEVICE_info_SM-A720F_Build/NRD90M,120,0.02
DEVICE_info_LG-K580_Build/MRA58K,117,0.02
DEVICE_info_HUAWEI_VNS-L53_Build/HUAWEIVNS-L53,113,0.02
DEVICE_info_SAMSUNG_SM-J700M_Build/MMB29K,113,0.02
DEVICE_info_HUAWEI_TAG-L13_Build/HUAWEITAG-L13,113,0.02
DEVICE_info_Moto_X_Play_Build/NPD26.48-24-1,112,0.02
DEVICE_info_HUAWEI_VNS-L23_Build/HUAWEIVNS-L23,112,0.02
DEVICE_info_LG-X230_Build/MRA58K,111,0.02
DEVICE_info_Moto_G_(5)_Build/NPP25.137-93,110,0.02
DEVICE_info_WAS-LX3_Build/HUAWEIWAS-LX3,108,0.02
DEVICE_info_rv:56.0,106,0.02
DEVICE_info_Moto_E_(4)_Build/NMA26.42-19,106,0.02
DEVICE_info_SM-J700M_Build/LMY48B,105,0.02
DEVICE_info_Moto_G_(4)_Build/NPJS25.93-14-10,105,0.02
DEVICE_info_SAMSUNG_SM-G950U_Build/NRD90M,104,0.02
DEVICE_info_Linux_x86_64,102,0.02
DEVICE_info_SAMSUNG_SM-G532M_Build/MMB29T,102,0.02
DEVICE_info_F3213_Build/36.1.A.1.86,98,0.02
DEVICE_info_BLADE_V8_SE_Build/NRD90M,97,0.02
DEVICE_info_SAMSUNG_SM-G955U_Build/NRD90M,96,0.02
DEVICE_info_XT1635-02_Build/NPN26.118-22-2,94,0.02
DEVICE_info_HTC_Desire_10_lifestyle_Build/MMB29M,94,0.02
DEVICE_info_MotoG3_Build/MPIS24.65-33.1-2-16,93,0.02
DEVICE_info_LG-K500_Build/MMB29M,92,0.02
DEVICE_info_SAMSUNG-SM-G930A_Build/NRD90M,91,0.02
DEVICE_info_SM-G900M_Build/LRX21T,91,0.02
DEVICE_info_SM-G920V_Build/NRD90M,91,0.02
DEVICE_info_Moto_G_(4)_Build/NPJ25.93-14.5,89,0.02
DEVICE_info_HUAWEI_RIO-L03_Build/HUAWEIRIO-L03,89,0.02
DEVICE_info_SM-J500M_Build/LMY48B,88,0.01
DEVICE_info_SAMSUNG_SM-G935F_Build/NRD90M,88,0.01
DEVICE_info_LG-H870_Build/NRD90U,86,0.01
DEVICE_info_MYA-L13_Build/HUAWEIMYA-L13,86,0.01
DEVICE_info_LG-K200_Build/MXB48T,85,0.01
DEVICE_info_Moto_G_(5)_Build/NPP25.137-72,85,0.01
DEVICE_info_LG-X180g_Build/LMY47I,84,0.01
DEVICE_info_SM-J710MN_Build/MMB29K,83,0.01
DEVICE_info_HUAWEI_G7-L03_Build/HuaweiG7-L03,82,0.01
DEVICE_info_Moto_C_Build/NRD90M.063,81,0.01
DEVICE_info_SM-G925I_Build/NRD90M,81,0.01
DEVICE_info_Moto,77,0.01
DEVICE_info_Blade_V6_Plus_Build/MRA58K,76,0.01
EMAIL_secure,76,0.01
DEVICE_info_SM-G930T_Build/NRD90M,76,0.01
DEVICE_info_LG-K530_Build/MMB29M,75,0.01
DEVICE_info_SM-G950U_Build/R16NW,74,0.01
DEVICE_info_F3113_Build/33.3.A.1.97,73,0.01
DEVICE_info_Moto_G_(5)_Build/NPPS25.137-15-11,73,0.01
DEVICE_info_SM-G530H_Build/LRX22G,71,0.01
DEVICE_info_LG-D320_Build/KOT49I.V10a,71,0.01
DEVICE_info_SAMSUNG_SM-G531H_Build/LMY48B,70,0.01
DEVICE_info_Moto_G_(5)_Plus_Build/NPN25.137-72,69,0.01
DEVICE_info_CRO-L03_Build/HUAWEICRO-L03,68,0.01
DEVICE_info_RNE-L03_Build/HUAWEIRNE-L03,68,0.01
DEVICE_info_HTC_Desire_626s_Build/LMY47O,67,0.01
DEVICE_info_LG-H542_Build/MRA58K,67,0.01
DEVICE_info_BLL-L23_Build/HUAWEIBLL-L23,67,0.01
DEVICE_info_CHC-U03_Build/HuaweiCHC-U03,67,0.01
DEVICE_info_SAMSUNG_SM-N950U_Build/NMF26X,67,0.01
DEVICE_info_SAMSUNG_SM-G950F_Build/NRD90M,66,0.01
DEVICE_info_LG-X240_Build/MRA58K,65,0.01
DEVICE_info_SM-G950F_Build/R16NW,65,0.01
DEVICE_info_SM-A500M_Build/KTU84P,65,0.01
DEVICE_info_SAMSUNG_SM-J701M_Build/NRD90M,65,0.01
DEVICE_info_KFFOWI_Build/LVY48F,65,0.01
DEVICE_info_rv:60.0,63,0.01
DEVICE_info_LG-H500_Build/LRX21Y,63,0.01
DEVICE_info_5080A_Build/MRA58K,63,0.01
DEVICE_info_SM-N950U_Build/R16NW,61,0.01
DEVICE_info_M4_SS4456_Build/LMY47V,61,0.01
DEVICE_info_Moto_G_(5)_Build/NPP25.137-82,61,0.01
DEVICE_info_Moto_Z_(2,61,0.01
DEVICE_info_Hisense_F23_Build/NRD90M,61,0.01
DEVICE_info_SM-A510M_Build/NRD90M,60,0.01
DEVICE_info_LG-H840_Build/NRD90U,60,0.01
DEVICE_info_SM-G900V_Build/MMB29M,60,0.01
DEVICE_info_5010G_Build/MRA58K,60,0.01
DEVICE_info_HUAWEI_CUN-L03_Build/HUAWEICUN-L03,60,0.01
DEVICE_info_Hisense_L675_Build/MRA58K,60,0.01
DEVICE_info_GT-I9060M_Build/KTU84P,59,0.01
DEVICE_info_SAMSUNG_SM-G610M_Build/MMB29K,59,0.01
DEVICE_info_SM-G955U_Build/R16NW,59,0.01
DEVICE_info_Moto_G_(5)_Plus_Build/NPNS25.137-15-11,59,0.01
DEVICE_info_HTC_Desire_650_Build/MMB29M,58,0.01
DEVICE_info_BAC-L03_Build/HUAWEIBAC-L03,58,0.01
DEVICE_info_SM-N920V_Build/NRD90M,57,0.01
DEVICE_info_Blade_A510_Build/MRA58K,57,0.01
DEVICE_info_SAMSUNG_SM-J730GM_Build/NRD90M,56,0.01
DEVICE_info_SM-A510M_Build/MMB29K,56,0.01
DEVICE_info_SLA-L03_Build/HUAWEISLA-L03,54,0.01
DEVICE_info_SM-G920P_Build/NRD90M,54,0.01
DEVICE_info_Redmi_Note_4_Build/NRD90M,53,0.01
DEVICE_info_SM-N950F_Build/NMF26X,53,0.01
DEVICE_info_SAMSUNG_SM-G930F_Build/NRD90M,52,0.01
DEVICE_info_F5121_Build/34.3.A.0.252,52,0.01
DEVICE_info_HTC_Desire_530_Build/MMB29M,51,0.01
DEVICE_info_LG-H650_Build/MRA58K,50,0.01
DEVICE_info_XT1032_Build/LPBS23.13-56-2,50,0.01
DEVICE_info_F3313_Build/37.0.A.2.108,50,0.01
DEVICE_info_es-us,50,0.01
DEVICE_info_LG-X220_Build/LMY47I,50,0.01
DEVICE_info_SM-G610M_Build/NRD90M,50,0.01
DEVICE_info_SM-G930P_Build/NRD90M,49,0.01
DEVICE_info_8050G_Build/LMY47I,49,0.01
DEVICE_info_Pixel,47,0.01
DEVICE_info_SM-G935P_Build/NRD90M,47,0.01
DEVICE_info_LG-M250_Build/NRD90U,47,0.01
DEVICE_info_Moto_G_Play_Build/MPIS24.241-15.3-26,46,0.01
DEVICE_info_SM-T560_Build/KTU84P,46,0.01
DEVICE_info_Ilium_LT510_Build/MRA58K,46,0.01
DEVICE_info_LG-X210_Build/LMY47I,46,0.01
DEVICE_info_F5121_Build/34.3.A.0.238,45,0.01
DEVICE_info_Lenovo_A2016b30_Build/MRA58K,45,0.01
DEVICE_info_LG-X165g_Build/LRX21M,45,0.01
DEVICE_info_EVA-L09_Build/HUAWEIEVA-L09,45,0.01
DEVICE_info_Moto_G_(5)_Plus_Build/NPN25.137-82,45,0.01
DEVICE_info_SM-G935T_Build/NRD90M,44,0.01
DEVICE_info_Lenovo_K33b36_Build/MMB29M,44,0.01
DEVICE_info_MDDRJS,44,0.01
DEVICE_info_Moto_G_(4)_Build/NPJS25.93-14-15,44,0.01
DEVICE_info_SAMSUNG-SM-G935A_Build/NRD90M,43,0.01
DEVICE_info_SM-G920F_Build/NRD90M,43,0.01
DEVICE_info_SM-J500M_Build/MMB29M,43,0.01
DEVICE_info_Nexus,42,0.01
DEVICE_info_SM-J111M_Build/LMY47V,42,0.01
DEVICE_info_LGMP260_Build/NRD90U,42,0.01
DEVICE_info_Redmi_4X_Build/N2G47H,42,0.01
DEVICE_info_SM-J105B_Build/LMY47V,40,0.01
DEVICE_info_Lenovo,40,0.01
DEVICE_info_Windows_NT_6.1,40,0.01
DEVICE_info_LG-D680_Build/KOT49I,39,0.01
DEVICE_info_Blade_V6_Build/LRX22G,38,0.01
DEVICE_info_5015A_Build/LMY47I,38,0.01
DEVICE_info_Lenovo_PB2-650Y_Build/MRA58K,38,0.01
DEVICE_info_5025G_Build/LMY47I,38,0.01
DEVICE_info_G3313_Build/43.0.A.5.79,38,0.01
DEVICE_info_SM-G570M_Build/NRD90M,37,0.01
DEVICE_info_KFDOWI_Build/LVY48F,37,0.01
DEVICE_info_HUAWEI,37,0.01
DEVICE_info_M4_SS4453_Build/MMB29M,37,0.01
DEVICE_info_SAMSUNG_SM-J120H_Build/LMY47V,37,0.01
DEVICE_info_SAMSUNG_SM-A520F_Build/NRD90M,37,0.01
DEVICE_info_SM-G530H_Build/KTU84P,37,0.01
DEVICE_info_Ilium_X510_Build/MRA58K,37,0.01
DEVICE_info_ALE-L21_Build/HuaweiALE-L21,36,0.01
DEVICE_info_XT1585_Build/NCK25.118-10.5,36,0.01
DEVICE_info_SAMSUNG_SM-G955F_Build/NRD90M,36,0.01
DEVICE_info_SAMSUNG_SM-G891A_Build/NRD90M,35,0.01
DEVICE_info_LGLS676_Build/MXB48T,35,0.01
DEVICE_info_MOT-A6020l37_Build/LMY47V,35,0.01
DEVICE_info_rv:51.0,35,0.01
DEVICE_info_VS5012_Build/NRD90M,34,0.01
DEVICE_info_SAMSUNG_SM-G930A_Build/NRD90M,34,0.01
DEVICE_info_Y635-L03_Build/HuaweiY635-L03,33,0.01
DEVICE_info_Pixel_Build/OPM1.171019.011,33,0.01
DEVICE_info_SM-G928G_Build/NRD90M,33,0.01
DEVICE_info_Moto_C_Plus_Build/NRD90M.05.034,33,0.01
DEVICE_info_Lenovo-A6020l36_Build/LMY47V,33,0.01
DEVICE_info_Z981_Build/MMB29M,32,0.01
DEVICE_info_SM-T350_Build/NMF26X,32,0.01
DEVICE_info_Android_5.1,32,0.01
DEVICE_info_SM-J327P_Build/MMB29M,32,0.01
DEVICE_info_TA-1039_Build/NMF26F,32,0.01
DEVICE_info_rv:45.0,32,0.01
DEVICE_info_moto_x4_Build/OPWS27.57-40-6,32,0.01
DEVICE_info_5056A_Build/MMB29M,31,0.01
DEVICE_info_SM-T550_Build/NMF26X,31,0.01
DEVICE_info_Hisense_F20_Build/MMB29M,31,0.01
DEVICE_info_SM-A310M_Build/LMY47X,30,0.01
CARD_type_debit_or_credit,30,0.01
DEVICE_info_VS995_Build/NRD90M,30,0.01
DEVICE_info_Moto_G_(5)_Build/NPP25.137-38,29,0.0
DEVICE_info_SM-G550T1_Build/MMB29K,29,0.0
DEVICE_info_Hisense_U963_Build/MRA58K,29,0.0
DEVICE_info_5012G_Build/MRA58K,29,0.0
DEVICE_info_Moto_G_(5S,29,0.0
DEVICE_info_SM-N920T_Build/NRD90M,29,0.0
DEVICE_info_SM-A320Y_Build/NRD90M,28,0.0
DEVICE_info_SAMSUNG_SM-N950F_Build/NMF26X,28,0.0
DEVICE_info_Blade_V580_Build/LMY47D,28,0.0
DEVICE_info_SAMSUNG_SM-G950F_Build/R16NW,28,0.0
DEVICE_info_Ilium_X710_Build/MRA58K,28,0.0
DEVICE_info_VS988_Build/NRD90U,28,0.0
DEVICE_info_LG-M320_Build/NRD90U,28,0.0
DEVICE_info_SM-G925V_Build/NRD90M,28,0.0
DEVICE_info_LG-H840_Build/MMB29M,28,0.0
DEVICE_info_LGLS775_Build/NRD90U,28,0.0
DEVICE_info_VS425PP_Build/LMY47V,28,0.0
DEVICE_info_LG-M400_Build/NRD90U,28,0.0
DEVICE_info_SM-T710_Build/NRD90M,28,0.0
DEVICE_info_HUAWEI_NXT-L09_Build/HUAWEINXT-L09,27,0.0
DEVICE_info_F3213_Build/36.0.A.2.146,27,0.0
DEVICE_info_LG-K220_Build/MXB48T,27,0.0
DEVICE_info_SM-J120H_Build/LMY47V,27,0.0
DEVICE_info_SM-N910V_Build/MMB29M,27,0.0
DEVICE_info_SM-J530GM_Build/NRD90M,27,0.0
DEVICE_info_SM-J200M_Build/LMY47X,27,0.0
DEVICE_info_SM-T810_Build/NRD90M,26,0.0
DEVICE_info_Build/OPR6.170623.013,26,0.0
DEVICE_info_SM-G355M_Build/KOT49H,26,0.0
DEVICE_info_XT1650_Build/NCLS26.118-23-13-3,26,0.0
DEVICE_info_XT1064_Build/MPB24.65-34-3,26,0.0
DEVICE_info_Z835_Build/NMF26V,25,0.0
DEVICE_info_KFGIWI_Build/LVY48F,25,0.0
DEVICE_info_LG-H320_Build/LRX21Y,25,0.0
DEVICE_info_Blade_L2_Plus_Build/KOT49H,25,0.0
DEVICE_info_SM-G955F_Build/R16NW,25,0.0
DEVICE_info_rv:31.0,25,0.0
DEVICE_info_SAMSUNG_SM-A310F_Build/NRD90M,25,0.0
DEVICE_info_SAMSUNG-SM-G891A_Build/NRD90M,25,0.0
DEVICE_info_Lenovo_K33b36_Build/NRD90N,24,0.0
DEVICE_info_SM-T280_Build/LMY47V,24,0.0
DEVICE_info_5011A_Build/NRD90M,24,0.0
DEVICE_info_SM-G965U_Build/R16NW,24,0.0
DEVICE_info_E5606_Build/30.2.A.1.21,24,0.0
DEVICE_info_TA-1038_Build/NMF26O,24,0.0
DEVICE_info_Blade_L5_Build/LMY47I,24,0.0
DEVICE_info_SM-A320FL_Build/NRD90M,24,0.0
DEVICE_info_rv:54.0,24,0.0
DEVICE_info_Pixel_XL_Build/OPM1.171019.011,24,0.0
DEVICE_info_F3313_Build/37.0.A.2.248,23,0.0
DEVICE_info_SAMSUNG_SM-G930P_Build/NRD90M,23,0.0
DEVICE_info_SM-E500M_Build/KTU84P,23,0.0
DEVICE_info_SM-G800F_Build/MMB29K,23,0.0
DEVICE_info_SM-J327T1_Build/NRD90M,23,0.0
DEVICE_info_SM-G950U1_Build/NRD90M,23,0.0
DEVICE_info_SM-G928V_Build/NRD90M,23,0.0
DEVICE_info_WAS-LX1A_Build/HUAWEIWAS-LX1A,23,0.0
DEVICE_info_HTC_One_A9s_Build/MRA58K,23,0.0
DEVICE_info_SM-J727T1_Build/NRD90M,23,0.0
DEVICE_info_SM-G920I_Build/NRD90M,23,0.0
DEVICE_info_SAMSUNG_SM-J327T1_Build/NRD90M,22,0.0
DEVICE_info_XT1254_Build/MCG24.251-5-5,22,0.0
DEVICE_info_VS987_Build/NRD90U,22,0.0
DEVICE_info_G3223_Build/42.0.A.4.101,22,0.0
DEVICE_info_LG-D331_Build/LRX22G,22,0.0
DEVICE_info_MotoE2(4G-LTE,22,0.0
DEVICE_info_SM-G9600_Build/R16NW,22,0.0
DEVICE_info_SM-T800_Build/MMB29K,22,0.0
DEVICE_info_rv:47.0,22,0.0
DEVICE_info_gxq6580_weg_l_Build/LMY47I,21,0.0
DEVICE_info_Ilium_L910_Build/MRA58K,21,0.0
DEVICE_info_SM-T580_Build/NRD90M,21,0.0
DEVICE_info_SM-N900W8_Build/LRX21V,21,0.0
DEVICE_info_E5506_Build/29.2.A.0.166,21,0.0
DEVICE_info_SAMSUNG-SM-G928A_Build/NRD90M,21,0.0
DEVICE_info_BLADE_A520_Build/NRD90M,21,0.0
DEVICE_info_SAMSUNG_SM-G920P_Build/NRD90M,21,0.0
DEVICE_info_Blade_V6_Max_Build/MRA58K,21,0.0
DEVICE_info_SM-A310F_Build/NRD90M,21,0.0
DEVICE_info_SAMSUNG_SM-G935A_Build/NRD90M,21,0.0
DEVICE_info_SAMSUNG_SM-G930T_Build/NRD90M,21,0.0
DEVICE_info_LGMS210_Build/NRD90U,21,0.0
DEVICE_info_SM-N920A_Build/MMB29K,21,0.0
DEVICE_info_SM-T377V_Build/NMF26X,21,0.0
DEVICE_info_E6603_Build/32.4.A.1.54,21,0.0
DEVICE_info_Moto_G_(5)_Plus_Build/NPNS25.137-92-8,21,0.0
DEVICE_info_MotoG3_Build/MPI24.65-33.1-2,21,0.0
DEVICE_info_SM-J700T_Build/NMF26X,20,0.0
DEVICE_info_FRD-L09_Build/HUAWEIFRD-L09,20,0.0
DEVICE_info_SAMSUNG_SM-T580_Build/NRD90M,20,0.0
DEVICE_info_SM-P350_Build/MMB29M,20,0.0
DEVICE_info_SM-T113NU_Build/KTU84P,20,0.0
DEVICE_info_HTC_One_M9_Build/NRD90M,20,0.0
DEVICE_info_STF-L09_Build/HUAWEISTF-L09,20,0.0
DEVICE_info_5054S_Build/LMY47V,20,0.0
DEVICE_info_HUAWEI_VNS-L31_Build/HUAWEIVNS-L31,20,0.0
DEVICE_info_Ilium_L1120_Build/NRD90M,19,0.0
DEVICE_info_rv:38.0,19,0.0
DEVICE_info_VTR-L09_Build/HUAWEIVTR-L09,19,0.0
DEVICE_info_XT1053_Build/LPAS23.12-21.7-1,19,0.0
DEVICE_info_SM-G920T_Build/NRD90M,19,0.0
DEVICE_info_C6743_Build/LMY47V,19,0.0
DEVICE_info_SAMSUNG_SM-T587P_Build/NRD90M,19,0.0
DEVICE_info_SAMSUNG_SM-G935T_Build/NRD90M,19,0.0
DEVICE_info_rv:55.0,19,0.0
DEVICE_info_BLADE_L7_Build/MRA58K,19,0.0
DEVICE_info_Pixel_2_Build/OPM1.171019.011,19,0.0
DEVICE_info_SAMSUNG-SM-G920A_Build/NRD90M,19,0.0
DEVICE_info_SM-G935F_Build/MMB29K,19,0.0
DEVICE_info_Moto_G_(5)_Plus_Build/NPNS25.137-92-4,19,0.0
DEVICE_info_E2306_Build/26.3.A.1.33,19,0.0
DEVICE_info_F8331_Build/41.2.A.7.76,19,0.0
DEVICE_info_SAMSUNG_SM-G928G_Build/NRD90M,18,0.0
DEVICE_info_SM-A710M_Build/NRD90M,18,0.0
DEVICE_info_SM-A510M_Build/LMY47X,18,0.0
DEVICE_info_SM-A710M_Build/LMY47X,18,0.0
DEVICE_info_SM-G925T_Build/NRD90M,18,0.0
DEVICE_info_Linux_i686,18,0.0
DEVICE_info_Moto_G_Play_Build/NPIS26.48-36-2,18,0.0
DEVICE_info_E2306_Build/26.1.A.3.111,18,0.0
DEVICE_info_SM-J110M_Build/LMY48B,18,0.0
DEVICE_info_F3111_Build/33.3.A.1.97,18,0.0
DEVICE_info_XT1650,18,0.0
DEVICE_info_moto_x4_Build/NPW26.83-18-2-0-4,18,0.0
AMT_extreme,18,0.0
DEVICE_info_TA-1039_Build/N2G47H,17,0.0
DEVICE_info_SAMSUNG_SM-A720F_Build/NRD90M,17,0.0
DEVICE_info_ILIUM,17,0.0
DEVICE_info_D6603_Build/23.5.A.1.291,17,0.0
DEVICE_info_LG-H918_Build/NRD90M,17,0.0
DEVICE_info_Lenovo_TB3-710F_Build/LRX21M,17,0.0
DEVICE_info_M4_SS4458_Build/MMB29M,17,0.0
DEVICE_info_MYA-L03_Build/HUAWEIMYA-L03,17,0.0
DEVICE_info_4047G_Build/NRD90M,17,0.0
DEVICE_info_FIG-LX3_Build/HUAWEIFIG-LX3,17,0.0
DEVICE_info_LG-H872_Build/NRD90U,17,0.0
DEVICE_info_BLU,17,0.0
DEVICE_info_SM-A720F_Build/MMB29K,17,0.0
DEVICE_info_SM-A500M_Build/LRX22G,17,0.0
DEVICE_info_SAMSUNG_SM-G950U_Build/R16NW,17,0.0
DEVICE_info_SM-T350_Build/MMB29M,17,0.0
DEVICE_info_SAMSUNG_SM-G550T1_Build/MMB29K,17,0.0
DEVICE_info_SAMSUNG_SM-G530H_Build/LRX22G,16,0.0
DEVICE_info_Redmi,16,0.0
DEVICE_info_Moto_G_Play_Build/NPIS26.48-36-5,16,0.0
DEVICE_info_Mi_A1_Build/OPR1.170623.026,16,0.0
DEVICE_info_HTC,16,0.0
DEVICE_info_SM-T530NU_Build/LRX22G,16,0.0
DEVICE_info_PRA-LX1_Build/HUAWEIPRA-LX1,16,0.0
DEVICE_info_SM-G9650_Build/R16NW,16,0.0
DEVICE_info_SM-G900F_Build/MMB29M,16,0.0
DEVICE_info_SAMSUNG_SM-G610M_Build/NRD90M,16,0.0
DEVICE_info_SAMSUNG_SM-N950U_Build/R16NW,16,0.0
DEVICE_info_SM-J320FN_Build/LMY47V,16,0.0
DEVICE_info_HTC_One_M8_Build/MRA58K,16,0.0
DEVICE_info_rv:50.0,16,0.0
DEVICE_info_SM-N920P_Build/NRD90M,16,0.0
DEVICE_info_M4_SS4451_Build/LMY47D,16,0.0
DEVICE_info_F5321_Build/34.3.A.0.238,16,0.0
DEVICE_info_SAMSUNG_SM-G900M_Build/LRX21T,15,0.0
DEVICE_info_SM-G850M_Build/LRX22G,15,0.0
DEVICE_info_Pixel_2_XL_Build/OPM1.171019.011,15,0.0
DEVICE_info_SAMSUNG_SM-G570M_Build/MMB29K,15,0.0
CARD_type_charge_card,15,0.0
DEVICE_info_LG-K430_Build/MRA58K,15,0.0
DEVICE_info_LGMP450_Build/NRD90U,15,0.0
DEVICE_info_Lenovo_TB3-710I_Build/LMY47I,15,0.0
DEVICE_info_LG-H420_Build/LRX21Y,15,0.0
DEVICE_info_XT1635-01_Build/NDNS26.118-23-12-3,15,0.0
DEVICE_info_rv:49.0,15,0.0
DEVICE_info_XT1635-02,15,0.0
DEVICE_info_Ilium_X520_Build/NRD90M,15,0.0
DEVICE_info_SAMSUNG-SM-G900A_Build/LRX21T,15,0.0
DEVICE_info_SGH-I337M_Build/LRX22C,15,0.0
DEVICE_info_SAMSUNG_SM-J710MN_Build/MMB29K,15,0.0
DEVICE_info_SM-A530F_Build/NMF26X,15,0.0
DEVICE_info_LG-H542_Build/LRX22G,15,0.0
DEVICE_info_Microsoft,15,0.0
DEVICE_info_MHA-L09_Build/HUAWEIMHA-L09,15,0.0
DEVICE_info_SM-S727VL_Build/MMB29M,15,0.0
DEVICE_info_Moto_E_(4)_Plus_Build/NMA26.42-142,14,0.0
DEVICE_info_LG-H850_Build/MMB29M,14,0.0
DEVICE_info_Mi_A1_Build/N2G47H,14,0.0
DEVICE_info_E5506_Build/29.1.A.0.101,14,0.0
DEVICE_info_Moto_Z2_Play_Build/NPSS26.118-19-6,14,0.0
DEVICE_info_Android_4.4.2,14,0.0
DEVICE_info_SAMSUNG_SM-J700M_Build/LMY48B,14,0.0
DEVICE_info_SM-A520W_Build/NRD90M,14,0.0
DEVICE_info_MotoG3-TE_Build/MPDS24.65-33-1-30,14,0.0
DEVICE_info_Moto_G_(5)_Build/NPPS25.137-93-4,14,0.0
DEVICE_info_SAMSUNG_SM-G925F_Build/NRD90M,13,0.0
DEVICE_info_SAMSUNG_SM-G955U_Build/R16NW,13,0.0
DEVICE_info_SM-G800M_Build/KOT49H,13,0.0
DEVICE_info_SM-G928T_Build/NRD90M,13,0.0
DEVICE_info_Z982_Build/NMF26V,13,0.0
DEVICE_info_XT1710-02_Build/NDSS26.118-23-19-6,13,0.0
DEVICE_info_Windows_NT_6.2,13,0.0
DEVICE_info_5010S_Build/MRA58K,13,0.0
DEVICE_info_rv:53.0,13,0.0
DEVICE_info_Z956_Build/MMB29M,13,0.0
DEVICE_info_SM-T813_Build/NRD90M,13,0.0
DEVICE_info_BLADE_A602_Build/MRA58K,13,0.0
DEVICE_info_SM-J700H_Build/MMB29K,13,0.0
DEVICE_info_Alcatel_5098O_Build/MMB29M,13,0.0
DEVICE_info_SAMSUNG_SM-T710_Build/NRD90M,13,0.0
DEVICE_info_4013M_Build/KOT49H,13,0.0
DEVICE_info_LG-K240_Build/MXB48T,13,0.0
DEVICE_info_GT-S7580L_Build/JDQ39,13,0.0
DEVICE_info_F5121_Build/34.3.A.0.228,13,0.0
DEVICE_info_P008_Build/NRD90M,13,0.0
DEVICE_info_KFSUWI_Build/LVY48F,13,0.0
DEVICE_info_LG-TP260_Build/NRD90U,13,0.0
DEVICE_info_KFTHWI_Build/KTU84M,13,0.0
DEVICE_info_SAMSUNG-SM-G900A_Build/MMB29M,13,0.0
DEVICE_info_SAMSUNG-SM-G530AZ_Build/LMY48B,13,0.0
DEVICE_info_BLADE_V8_Build/NRD90M,13,0.0
DEVICE_info_G3123_Build/40.0.A.6.175,12,0.0
DEVICE_info_SM-G900P_Build/MMB29M,12,0.0
DEVICE_info_Moto_Z2_Play_Build/NPSS26.118-19-11,12,0.0
DEVICE_info_Moto_G_(4)_Build/NPJS25.93-14-8.1-4,12,0.0
DEVICE_info_KFTBWI_Build/LVY48F,12,0.0
DEVICE_info_SAMSUNG_SM-A320FL_Build/NRD90M,12,0.0
DEVICE_info_Moto_Z2_Play_Build/NPS26.74-16-1,12,0.0
DEVICE_info_SM-J727VPP_Build/NRD90M,12,0.0
DEVICE_info_SM-G930U_Build/NRD90M,12,0.0
DEVICE_info_SM-T713_Build/NRD90M,12,0.0
DEVICE_info_SM-G920V_Build/MMB29K,12,0.0
DEVICE_info_BLADE_V8Q_Build/N2G47H,12,0.0
DEVICE_info_Blade_L3_Build/KOT49H,12,0.0
DEVICE_info_SM-A510F_Build/NRD90M,12,0.0
DEVICE_info_SAMSUNG_SM-J510MN_Build/MMB29M,12,0.0
DEVICE_info_SAMSUNG_SM-J320M_Build/LMY47V,12,0.0
DEVICE_info_SM-G550T_Build/MMB29K,12,0.0
DEVICE_info_SM-P355M_Build/MMB29M,12,0.0
DEVICE_info_SM-J100VPP_Build/LMY48B,12,0.0
DEVICE_info_Moto_G_(4)_Build/NPJS25.93-14-18,12,0.0
DEVICE_info_moto_x4_Build/OPW27.57-40,11,0.0
DEVICE_info_SM-T827V_Build/NRD90M,11,0.0
DEVICE_info_TR10CS1_Build/JDQ39,11,0.0
DEVICE_info_VKY-L09_Build/HUAWEIVKY-L09,11,0.0
DEVICE_info_Z813_Build/LMY47O,11,0.0
DEVICE_info_SAMSUNG_SM-J327A_Build/NRD90M,11,0.0
DEVICE_info_GT-I8190L_Build/JZO54K,11,0.0
DEVICE_info_GT-P5210_Build/JDQ39,11,0.0
DEVICE_info_SM-T377P_Build/NMF26X,11,0.0
DEVICE_info_SM-J730G_Build/NRD90M,11,0.0
DEVICE_info_SM-N910F_Build/MMB29M,11,0.0
DEVICE_info_SM-N920G_Build/NRD90M,11,0.0
DEVICE_info_SM-P580_Build/NRD90M,11,0.0
DEVICE_info_SM-G930W8_Build/NRD90M,11,0.0
DEVICE_info_SM-G960U_Build/R16NW,11,0.0
DEVICE_info_SM-G930V_Build/MMB29M,11,0.0
DEVICE_info_SM-G900T_Build/MMB29M,11,0.0
DEVICE_info_SM-T230NU_Build/KOT49H,11,0.0
DEVICE_info_SM-T700_Build/MMB29K,11,0.0
DEVICE_info_SAMSUNG_SM-J530F_Build/NRD90M,11,0.0
DEVICE_info_SAMSUNG_SM-T810_Build/NRD90M,11,0.0
DEVICE_info_SM-A520F_Build/MMB29K,11,0.0
DEVICE_info_Aquaris,11,0.0
DEVICE_info_Pixel_Build/OPR3.170623.013,11,0.0
DEVICE_info_C6906_Build/14.6.A.1.236,11,0.0
DEVICE_info_Moto_E_(4)_Build/NDQS26.69-23-2-3,11,0.0
DEVICE_info_E5823_Build/32.4.A.1.54,11,0.0
DEVICE_info_Nexus_6_Build/MOB30M,11,0.0
DEVICE_info_Ilium_LT500_Build/LMY47O,11,0.0
DEVICE_info_SAMSUNG-SM-G925A_Build/MMB29K,11,0.0
DEVICE_info_Le_X520_Build/IEXCNFN5902303111S,11,0.0
DEVICE_info_M4_SS4457_Build/MRA58K,11,0.0
DEVICE_info_Lenovo_YT3-850M_Build/MMB29M,11,0.0
DEVICE_info_Hisense_F102_Build/NRD90M,10,0.0
DEVICE_info_Pixel_Build/OPM1.171019.016,10,0.0
DEVICE_info_ZTE_Blade_L5_Build/LMY47I,10,0.0
DEVICE_info_HUAWEI_Y560-L03_Build/HUAWEIY560-L03,10,0.0
DEVICE_info_SAMSUNG_SM-N920P_Build/NRD90M,10,0.0
DEVICE_info_Redmi_4A_Build/MMB29M,10,0.0
DEVICE_info_Redmi_5_Plus_Build/N2G47H,10,0.0
DEVICE_info_XT1030_Build/SU6-7.7,10,0.0
DEVICE_info_KFTT_Build/IML74K,10,0.0
DEVICE_info_SAMSUNG_SM-G965U_Build/R16NW,10,0.0
DEVICE_info_XT1063_Build/MPB24.65-34,10,0.0
DEVICE_info_ALP-L09_Build/HUAWEIALP-L09,10,0.0
DEVICE_info_LGMS550_Build/NRD90U,10,0.0
DEVICE_info_Moto_G_Play_Build/NPI26.48-36,10,0.0
DEVICE_info_LG-TP450_Build/NRD90U,10,0.0
DEVICE_info_XT1563_Build/MPDS24.107-52-5,10,0.0
DEVICE_info_XT1563_Build/MPD24.107-52,10,0.0
DEVICE_info_XT1650_Build/NPLS26.118-20-5-11,10,0.0
DEVICE_info_rv:39.0,10,0.0
DEVICE_info_SAMSUNG_SM-A510M_Build/NRD90M,10,0.0
DEVICE_info_SAMSUNG-SM-N920A_Build/NRD90M,10,0.0
DEVICE_info_K88_Build/MMB29M,10,0.0
DEVICE_info_SAMSUNG_SM-G900F_Build/MMB29M,10,0.0
DEVICE_info_LG-M210_Build/NRD90U,10,0.0
DEVICE_info_Touch,10,0.0
DEVICE_info_SAMSUNG-SGH-I337_Build/KOT49H,10,0.0
DEVICE_info_SAMSUNG-SM-J327A_Build/NRD90M,10,0.0
DEVICE_info_LG-LS997_Build/NRD90M,10,0.0
DEVICE_info_NOKIA,10,0.0
DEVICE_info_Ilium_X210_Build/LMY47I,10,0.0
DEVICE_info_LG-LS993_Build/NRD90U,10,0.0
DEVICE_info_SAMSUNG_SM-J327T_Build/NRD90M,9,0.0
DEVICE_info_H1711_Build/HUAWEIH1711,9,0.0
DEVICE_info_5049W_Build/NRD90M,9,0.0
DEVICE_info_SAMSUNG_SM-G925T_Build/NRD90M,9,0.0
DEVICE_info_RNE-L21_Build/HUAWEIRNE-L21,9,0.0
DEVICE_info_D5803_Build/23.5.A.1.291,9,0.0
DEVICE_info_rv:43.0,9,0.0
DEVICE_info_rv:41.0,9,0.0
DEVICE_info_SAMSUNG_SM-N920T_Build/NRD90M,9,0.0
DEVICE_info_VTR-AL00_Build/HUAWEIVTR-AL00,9,0.0
DEVICE_info_M4_SS4450_Build/MRA58K,9,0.0
DEVICE_info_HUAWEI_Y625-U13_Build/HUAWEIY625-U13,9,0.0
DEVICE_info_E6853_Build/32.4.A.1.54,9,0.0
DEVICE_info_SAMSUNG_SM-N910A_Build/MMB29M,9,0.0
DEVICE_info_SAMSUNG-SM-T377A_Build/MMB29K,9,0.0
DEVICE_info_SAMSUNG_SM-J700T_Build/NMF26X,9,0.0
DEVICE_info_SM-T817V_Build/NRD90M,9,0.0
DEVICE_info_Tmovi_Build/Vision,9,0.0
DEVICE_info_SAMSUNG_SM-G892A_Build/NRD90M,9,0.0
DEVICE_info_G3223_Build/42.0.A.4.167,9,0.0
DEVICE_info_ZTE,9,0.0
DEVICE_info_SM-J327T_Build/NRD90M,9,0.0
DEVICE_info_XT1710-02_Build/NDSS26.118-23-15,9,0.0
DEVICE_info_RCT6203W46_Build/KOT49H,9,0.0
DEVICE_info_ASUS_X015D_Build/NRD90M,9,0.0
DEVICE_info_Ilium_L620_Build/NRD90M,9,0.0
DEVICE_info_LG-M710_Build/NRD90U,9,0.0
DEVICE_info_SM-J727V_Build/NRD90M,9,0.0
DEVICE_info_F8331,9,0.0
DEVICE_info_SAMSUNG_SM-G920A_Build/NRD90M,9,0.0
DEVICE_info_LG-K530_Build/NRD90U,9,0.0
DEVICE_info_SAMSUNG_SM-G925I_Build/NRD90M,9,0.0
DEVICE_info_SAMSUNG-SM-G890A_Build/NRD90M,9,0.0
DEVICE_info_Hisense,9,0.0
DEVICE_info_SM-T560NU_Build/NMF26X,9,0.0
DEVICE_info_SOV33_Build/35.0.D.2.25,9,0.0
DEVICE_info_Moto_C_Build/NRD90M.057,9,0.0
DEVICE_info_Moto_C_Build/NRD90M.054,9,0.0
DEVICE_info_KFAUWI_Build/LVY48F,9,0.0
DEVICE_info_LG-D855_Build/LRX21R,9,0.0
DEVICE_info_XT1650_Build/NCLS26.118-23-13-6-5,9,0.0
DEVICE_info_MotoG3-TE_Build/MPDS24.65-33-1-3,9,0.0
DEVICE_info_5085B_Build/MRA58K,9,0.0
DEVICE_info_XT1063_Build/MPB24.65-34-3,9,0.0
DEVICE_info_SM-G730W8_Build/KOT49H,9,0.0
DEVICE_info_SM-G900M_Build/MMB29M,9,0.0
DEVICE_info_HUAWEI_GRA-L09_Build/HUAWEIGRA-L09,9,0.0
DEVICE_info_Lenovo_A6020l37_Build/LMY47V,9,0.0
DEVICE_info_SM-G965F_Build/R16NW,9,0.0
DEVICE_info_SM-J530F_Build/NRD90M,9,0.0
DEVICE_info_SAMSUNG_SM-G920F_Build/NRD90M,9,0.0
DEVICE_info_SM-G610F_Build/NRD90M,9,0.0
DEVICE_info_SM-T113_Build/KTU84P,9,0.0
DEVICE_info_SM-N910C_Build/MMB29K,9,0.0
DEVICE_info_es-mx,8,0.0
DEVICE_info_moto_x4_Build/NPW26.83-42,8,0.0
DEVICE_info_SAMSUNG_SM-G935F_Build/MMB29K,8,0.0
DEVICE_info_Blade_A465_Build/LMY47D,8,0.0
DEVICE_info_9008A_Build/NRD90M,8,0.0
DEVICE_info_SAMSUNG_SM-J500M_Build/MMB29M,8,0.0
DEVICE_info_SAMSUNG_SM-J250M_Build/NMF26X,8,0.0
DEVICE_info_E5803_Build/32.4.A.1.54,8,0.0
DEVICE_info_LG-D373_Build/KOT49I.V10a,8,0.0
DEVICE_info_Redmi_3S_Build/MMB29M,8,0.0
DEVICE_info_M4,8,0.0
DEVICE_info_XT1021_Build/LPCS23.13-34.8-3,8,0.0
DEVICE_info_XT1080_Build/SU6-7.7,8,0.0
DEVICE_info_XT1635-01,8,0.0
DEVICE_info_SAMSUNG_SM-G935W8_Build/NRD90M,8,0.0
DEVICE_info_SAMSUNG_SM-G890A_Build/NRD90M,8,0.0
DEVICE_info_BLN-L21_Build/HONORBLN-L21,8,0.0
DEVICE_info_SAMSUNG_SM-G935P_Build/NRD90M,8,0.0
DEVICE_info_LG-H910_Build/NRD90M,8,0.0
DEVICE_info_SM-T820_Build/NRD90M,8,0.0
DEVICE_info_SAMSUNG_SM-N950U1_Build/NMF26X,8,0.0
DEVICE_info_SAMSUNG_SM-T530NU_Build/LRX22G,8,0.0
DEVICE_info_SAMSUNG_SM-J727T1_Build/NRD90M,8,0.0
DEVICE_info_Build/OPM1.171019.011,8,0.0
DEVICE_info_Neffos_C5_Build/LMY47D,8,0.0
DEVICE_info_SAMSUNG_SM-A300H_Build/LRX22G,8,0.0
DEVICE_info_SM-T530_Build/LRX22G,8,0.0
DEVICE_info_Turbo_C5_Build/LMY47I,8,0.0
DEVICE_info_SM-J700T_Build/MMB29K,8,0.0
DEVICE_info_SM-T110_Build/JDQ39,8,0.0
DEVICE_info_Android_6.0.1,8,0.0
DEVICE_info_Android_5.1.1,8,0.0
DEVICE_info_SM-T230_Build/KOT49H,8,0.0
DEVICE_info_G8141,8,0.0
DEVICE_info_SAMSUNG_SM-G920T_Build/NRD90M,8,0.0
DEVICE_info_SAMSUNG_SM-G920I_Build/NRD90M,8,0.0
DEVICE_info_ALCATEL_ONE_TOUCH_7047A_Build/JDQ39,8,0.0
DEVICE_info_SM-N910T_Build/MMB29M,8,0.0
DEVICE_info_SM-N900T_Build/LRX21V,8,0.0
DEVICE_info_SM-J727T_Build/NRD90M,8,0.0
DEVICE_info_SM-G900M_Build/KOT49H,8,0.0
DEVICE_info_Moto_Z2_Play_Build/NPSS26.118-19-4,8,0.0
DEVICE_info_ALP-L09_Build/HUAWEIALP-L09S,8,0.0
DEVICE_info_SM-J327V_Build/NRD90M,8,0.0
DEVICE_info_Ilium_L610_Build/MRA58K,8,0.0
DEVICE_info_SM-G955U1_Build/NRD90M,8,0.0
DEVICE_info_Pixel_Build/OPM4.171019.016.B1,8,0.0
DEVICE_info_Z983_Build/NMF26F,8,0.0
DEVICE_info_QTASUN1_Build/NRD90M,8,0.0
DEVICE_info_QTAQZ3_Build/LMY47V,8,0.0
DEVICE_info_SAMSUNG_SM-J327P_Build/MMB29M,8,0.0
DEVICE_info_rv:42.0,8,0.0
DEVICE_info_XT890_Build/9.8.2I-50_SML-25,8,0.0
DEVICE_info_D5316_Build/19.4.A.0.182,8,0.0
DEVICE_info_Pixel_2_Build/OPM1.171019.021,7,0.0
DEVICE_info_Pixel_XL_Build/OPM4.171019.016.B1,7,0.0
DEVICE_info_4047A_Build/NRD90M,7,0.0
DEVICE_info_Z9_PLUS_Build/NRD90M,7,0.0
DEVICE_info_LG-LS777_Build/NRD90U,7,0.0
DEVICE_info_F3113_Build/33.2.A.3.81,7,0.0
DEVICE_info_SM-A730F_Build/NMF26X,7,0.0
DEVICE_info_LenovoA3300-GV_Build/JDQ39,7,0.0
DEVICE_info_Android_6.0,7,0.0
DEVICE_info_LGMS330_Build/LMY47V,7,0.0
DEVICE_info_SM-J727U_Build/NRD90M,7,0.0
DEVICE_info_SM-J710MN_Build/NRD90M,7,0.0
DEVICE_info_Ilium_L950_Build/KTU84P,7,0.0
DEVICE_info_SAMSUNG_SM-G570M_Build/NRD90M,7,0.0
DEVICE_info_Nexus_6P_Build/OPR5.170623.011,7,0.0
DEVICE_info_Nexus_6_Build/N6F27M,7,0.0
DEVICE_info_ONE,7,0.0
DEVICE_info_Moto_G_(5)_Plus_Build/NPN25.137-83,7,0.0
DEVICE_info_Moto_G_(5)_Plus_Build/NPNS25.137-92-10,7,0.0
DEVICE_info_ONEPLUS_A5000_Build/NMF26X,7,0.0
DEVICE_info_GT-I9060L_Build/JDQ39,7,0.0
DEVICE_info_LG-H815_Build/MRA58K,7,0.0
DEVICE_info_9003A_Build/MRA58K,7,0.0
DEVICE_info_XT1021_Build/KXC21.5-40,7,0.0
DEVICE_info_Redmi_Note_3_Build/MMB29M,7,0.0
DEVICE_info_SAMSUNG_SM-P580_Build/NRD90M,7,0.0
DEVICE_info_SAMSUNG_SM-G930R4_Build/NRD90M,7,0.0
DEVICE_info_E6553,7,0.0
DEVICE_info_E2104_Build/24.0.A.5.14,7,0.0
DEVICE_info_Pixel_Build/OPM2.171019.029,7,0.0
DEVICE_info_rv:35.0,7,0.0
DEVICE_info_SAMSUNG_SM-J500FN_Build/MMB29M,7,0.0
DEVICE_info_SM-T800,7,0.0
DEVICE_info_KFAPWI_Build/KTU84M,7,0.0
DEVICE_info_SM-J700T1_Build/NMF26X,7,0.0
DEVICE_info_TA-1028_Build/NRD90M,7,0.0
DEVICE_info_Android_7.0,7,0.0
DEVICE_info_SM-P550_Build/NMF26X,7,0.0
DEVICE_info_TA-1044_Build/NMF26F,7,0.0
DEVICE_info_LG-M153_Build/MXB48T,7,0.0
DEVICE_info_SM-P550_Build/MMB29M,7,0.0
DEVICE_info_LG-K450_Build/MXB48T,7,0.0
DEVICE_info_F5321,7,0.0
DEVICE_info_G3123,7,0.0
DEVICE_info_FRD-L04_Build/HUAWEIFRD-L04,7,0.0
DEVICE_info_A574BL_Build/NMF26F,7,0.0
DEVICE_info_VS501_Build/NRD90U,7,0.0
DEVICE_info_SAMSUNG_SM-A710M_Build/NRD90M,7,0.0
DEVICE_info_SAMSUNG_SM-G900T_Build/MMB29M,7,0.0
DEVICE_info_P5046A,6,0.0
DEVICE_info_D5306_Build/19.4.A.0.182,6,0.0
DEVICE_info_SAMSUNG_SM-A510F_Build/NRD90M,6,0.0
DEVICE_info_SM-J120FN_Build/LMY47X,6,0.0
DEVICE_info_F5121,6,0.0
DEVICE_info_LG-V410,6,0.0
DEVICE_info_SM-J320V_Build/NMF26X,6,0.0
DEVICE_info_HTC_One_mini_Build/KOT49H,6,0.0
DEVICE_info_Pixel_2_XL_Build/OPM1.171019.021,6,0.0
DEVICE_info_GT-N5110_Build/JDQ39,6,0.0
DEVICE_info_XT1565,6,0.0
DEVICE_info_rv:46.0,6,0.0
DEVICE_info_XT1563_Build/MPD24.65-25,6,0.0
DEVICE_info_XT1650_Build/NPLS26.118-20-5-3,6,0.0
DEVICE_info_S.N.O.W.4,6,0.0
DEVICE_info_ASUS_X008DC_Build/NRD90M,6,0.0
DEVICE_info_G3313_Build/43.0.A.7.25,6,0.0
DEVICE_info_SM-J710GN_Build/MMB29K,6,0.0
DEVICE_info_Moto_Z2_Play_Build/NPS26.118-19,6,0.0
DEVICE_info_Ilium_LT520_Build/NRD90M,6,0.0
DEVICE_info_Ilium_Pad_T7X_Build/LMY47I,6,0.0
DEVICE_info_SM-G925T_Build/LMY47X,6,0.0
DEVICE_info_SM-G800F_Build/KOT49H,6,0.0
DEVICE_info_SM-G903F_Build/MMB29K,6,0.0
DEVICE_info_HTC_U11_Build/NMF26X,6,0.0
DEVICE_info_ASUS_Z00AD_Build/LRX21V,6,0.0
DEVICE_info_SM-G930F_Build/MMB29K,6,0.0
DEVICE_info_SM-G930R4_Build/NRD90M,6,0.0
DEVICE_info_Nexus_5X_Build/OPM3.171019.013,6,0.0
DEVICE_info_Alcatel_4060O_Build/MMB29M,6,0.0
DEVICE_info_AX920,6,0.0
DEVICE_info_Nexus_5_Build/M4B30Z,6,0.0
DEVICE_info_SM-G925I_Build/MMB29K,6,0.0
DEVICE_info_SAMSUNG_SM-A320Y_Build/NRD90M,6,0.0
DEVICE_info_KFASWI_Build/LVY48F,6,0.0
DEVICE_info_BAH-L09_Build/HUAWEIBAH-L09,6,0.0
DEVICE_info_BLA-L29_Build/HUAWEIBLA-L29,6,0.0
DEVICE_info_SCH-I545_Build/LRX22C,6,0.0
DEVICE_info_EVA-L19_Build/HUAWEIEVA-L19,6,0.0
DEVICE_info_SM-T310_Build/KOT49H,6,0.0
DEVICE_info_ALCATEL_ONE_TOUCH_5036A_Build/JDQ39,6,0.0
DEVICE_info_ALCATEL,6,0.0
DEVICE_info_STV100-4_Build/LMY47V,6,0.0
DEVICE_info_Studio,6,0.0
DEVICE_info_SM-J710F_Build/NRD90M,6,0.0
DEVICE_info_SM-N920C_Build/NRD90M,6,0.0
DEVICE_info_SM-N950U1_Build/NMF26X,6,0.0
DEVICE_info_HUAWEI_CAN-L11_Build/HUAWEICAN-L11,6,0.0
DEVICE_info_Aquaris_V_Build/N2G47H,6,0.0
DEVICE_info_LT22i_Build/6.2.A.1.100,6,0.0
DEVICE_info_Hisense_L675_PRO_Build/NRD90M,6,0.0
DEVICE_info_F3113_Build/33.2.A.4.70,6,0.0
DEVICE_info_LG-K540_Build/MMB29M,6,0.0
DEVICE_info_G3423,6,0.0
DEVICE_info_SM-G960F_Build/R16NW,6,0.0
DEVICE_info_ALCATEL_ONE_TOUCH_7040A_Build/JDQ39,6,0.0
DEVICE_info_Moto_G_(5)_Build/NPP25.137-33,6,0.0
DEVICE_info_Moto_G_(5)_Build/NPP25.137-15,6,0.0
DEVICE_info_VS980_4G_Build/LRX22G,6,0.0
DEVICE_info_VS986_Build/MRA58K,6,0.0
DEVICE_info_VS990_Build/MRA58K,6,0.0
DEVICE_info_SM-T560NU_Build/MMB29M,6,0.0
DEVICE_info_Hisense_F32_Build/NMF26F,6,0.0
DEVICE_info_SAMSUNG-SM-G925A_Build/NRD90M,6,0.0
DEVICE_info_Moto_E_(4)_Plus_Build/NMA26.42-152,6,0.0
DEVICE_info_Moto_G_(4)_Build/NPJ25.93-14,6,0.0
DEVICE_info_Redmi_Note_4X_Build/MRA58K,6,0.0
DEVICE_info_LG-H990_Build/NRD90M,6,0.0
DEVICE_info_F5121_Build/34.4.A.2.19,6,0.0
DEVICE_info_8062_Build/MRA58K,6,0.0
DEVICE_info_7055A_Build/KVT49L,6,0.0
DEVICE_info_SAMSUNG-SM-N900A_Build/LRX21V,6,0.0
DEVICE_info_SAMSUNG_SM-G850F/G850FXXS2CQD9_Build/LRX22G,6,0.0
DEVICE_info_SAMSUNG_SM-G900A_Build/MMB29M,6,0.0
DEVICE_info_LG-H871,6,0.0
DEVICE_info_SAMSUNG-SM-J320A_Build/MMB29K,6,0.0
DEVICE_info_BLU_STUDIO_C_5+5_Build/LRX21M,6,0.0
DEVICE_info_LG-D331,6,0.0
DEVICE_info_Z832_Build/MMB29M,6,0.0
DEVICE_info_HUAWEI_Y360-U23_Build/HUAWEIY360-U23,6,0.0
DEVICE_info_HUAWEI_Y520-U03_Build/HUAWEIY520-U03,6,0.0
DEVICE_info_SAMSUNG_SM-N920A_Build/NRD90M,6,0.0
DEVICE_info_MotoG3,6,0.0
DEVICE_info_LG-H811_Build/MRA58K,6,0.0
DEVICE_info_LG-D855,6,0.0
DEVICE_info_LG-H820_Build/NRD90U,6,0.0
DEVICE_info_XT1040,6,0.0
DEVICE_info_SAMSUNG_SM-G960U_Build/R16NW,6,0.0
DEVICE_info_E5306_Build/27.3.A.0.129,6,0.0
DEVICE_info_SAMSUNG_SM-G965F_Build/R16NW,6,0.0
DEVICE_info_Moto_C_Plus_Build/NRD90M.05.022,6,0.0
DEVICE_info_Moto_G_(4)_Build/NPJS25.93-14-8,6,0.0
DEVICE_info_ZTE_Blade_A511_Build/MRA58K,6,0.0
DEVICE_info_Pixel_2_XL_Build/OPM2.171019.029,6,0.0
DEVICE_info_5051A_Build/MMB29M,6,0.0
DEVICE_info_2PS64_Build/NRD90M,6,0.0
DEVICE_info_moto_x4_Build/OPWS27.57-40-14,6,0.0
DEVICE_info_moto,6,0.0
DEVICE_info_ZTE_BLADE_A512_Build/MMB29M,5,0.0
DEVICE_info_ZTE_BLADE_V8_MINI_Build/NRD90M,5,0.0
DEVICE_info_en-us,5,0.0
DEVICE_info_ZTE_A2017U_Build/NRD90M,5,0.0
DEVICE_info_Pixel_XL_Build/OPM1.171019.016,5,0.0
DEVICE_info_Pixel_XL_Build/OPM1.171019.021,5,0.0
DEVICE_info_QTAIR7_Build/LMY47D,5,0.0
DEVICE_info_QTAQZ3_Build/KOT49H,5,0.0
DEVICE_info_rv:44.0,5,0.0
DEVICE_info_SAMSUNG_SM-J320FN_Build/LMY47V,5,0.0
DEVICE_info_SAMSUNG_SM-G930F/XXU2DRC1_Build/NRD90M,5,0.0
DEVICE_info_Blade,5,0.0
DEVICE_info_E5306_Build/27.3.A.0.165,5,0.0
DEVICE_info_Blade_A475_Build/LMY47D,5,0.0
DEVICE_info_SAMSUNG_SM-J500M_Build/LMY48B,5,0.0
DEVICE_info_E5823,5,0.0
DEVICE_info_Moto_E_(4)_Build/NDQS26.69-64-2,5,0.0
DEVICE_info_Moto_E_(4)_Build/NMA26.42-11-3,5,0.0
DEVICE_info_Moto_E_(4)_Plus_Build/NMA26.42-11-3,5,0.0
DEVICE_info_MotoE2_Build/LPCS23.13-56-5,5,0.0
DEVICE_info_MotoG3-TE_Build/MPD24.65-33,5,0.0
DEVICE_info_BLU_LIFE_XL_Build/L050U,5,0.0
DEVICE_info_BOIE9,5,0.0
DEVICE_info_SAMSUNG_SM-J710MN_Build/NRD90M,5,0.0
DEVICE_info_MotoG3_Build/MPI24.65-25,5,0.0
DEVICE_info_Moto_C_Build/NRD90M.070,5,0.0
DEVICE_info_Fractal,5,0.0
DEVICE_info_SAMSUNG_SM-S727VL_Build/MMB29M,5,0.0
DEVICE_info_BLN-L24_Build/HONORBLN-L24,5,0.0
DEVICE_info_BLU_ENERGY_X_PLUS_Build/LRX21M,5,0.0
DEVICE_info_SAMSUNG_SM-G900I_Build/MMB29M,5,0.0
DEVICE_info_DLI-L22_Build/HONORDLI-L22,5,0.0
DEVICE_info_MHA-L29_Build/HUAWEIMHA-L29,5,0.0
DEVICE_info_MI,5,0.0
DEVICE_info_E6810_Build/5.320VZ.03.r,5,0.0
DEVICE_info_SM-G360T1_Build/LMY47X,5,0.0
DEVICE_info_SM-G360V_Build/LMY48B,5,0.0
DEVICE_info_BLA-L09_Build/HUAWEIBLA-L09,5,0.0
DEVICE_info_SM-A310F_Build/MMB29K,5,0.0
DEVICE_info_SM-A310M_Build/NRD90M,5,0.0
DEVICE_info_SGH-I317M,5,0.0
DEVICE_info_Lenovo_YT3-850F_Build/MMB29M,5,0.0
DEVICE_info_LM-X210(G,5,0.0
DEVICE_info_G8141_Build/47.1.A.5.51,5,0.0
DEVICE_info_HUAWEI_CAN-L01_Build/HUAWEICAN-L01,5,0.0
DEVICE_info_SAMSUNG_SM-G920F_Build/LRX22G,5,0.0
DEVICE_info_SAMSUNG_SM-G925P_Build/MMB29K,5,0.0
DEVICE_info_NEM-L51_Build/HONORNEM-L51,5,0.0
DEVICE_info_Ilium,5,0.0
DEVICE_info_Lenovo_PB1-750M_Build/S100,5,0.0
DEVICE_info_Lenovo_TB-7703X_Build/S100,5,0.0
DEVICE_info_SM-G920F_Build/MMB29K,5,0.0
DEVICE_info_SM-G900F_Build/KOT49H,5,0.0
DEVICE_info_HUAWEI_M2-801W_Build/HUAWEIM2-801W,5,0.0
DEVICE_info_LGMS550_Build/MXB48T,5,0.0
DEVICE_info_LGMS631_Build/MRA58K,5,0.0
DEVICE_info_LGUS215_Build/NRD90U,5,0.0
DEVICE_info_SM-G950W,5,0.0
DEVICE_info_Alcatel_5044R_Build/NRD90M,5,0.0
DEVICE_info_Android,5,0.0
DEVICE_info_SM-G928V_Build/MMB29K,5,0.0
DEVICE_info_Nexus_6P_Build/OPR5.170623.014,5,0.0
DEVICE_info_SAMSUNG_SM-A510M_Build/MMB29K,5,0.0
DEVICE_info_LG-V495,5,0.0
DEVICE_info_SM-J320P_Build/LMY47X,5,0.0
DEVICE_info_HTC_10_Build/NRD90M,5,0.0
DEVICE_info_HTC_Desire_510_Build/KOT49H,5,0.0
DEVICE_info_HTC_Desire_526G_Build/KOT49H,5,0.0
DEVICE_info_HTC_One_A9_Build/NRD90M,5,0.0
DEVICE_info_HTC_One_Build/LRX22G,5,0.0
DEVICE_info_ASUS_Z017D,5,0.0
DEVICE_info_LG-M327_Build/NRD90U,5,0.0
DEVICE_info_SM-J500FN_Build/MMB29M,5,0.0
DEVICE_info_SM-N950U1_Build/R16NW,5,0.0
DEVICE_info_F1f_Build/LMY47V,5,0.0
DEVICE_info_G3223,5,0.0
DEVICE_info_SM-T330NU_Build/LMY47X,5,0.0
DEVICE_info_SM-P600_Build/LMY47X,5,0.0
DEVICE_info_A96_Build/LMY47I,5,0.0
DEVICE_info_LG-K428_Build/MMB29M,5,0.0
DEVICE_info_TA-1028_Build/NMF26O,5,0.0
DEVICE_info_P4526A_Build/NRD90M,5,0.0
DEVICE_info_S60_Build/MMB29M,5,0.0
DEVICE_info_SAMSUNG-SM-G870A_Build/MMB29M,5,0.0
DEVICE_info_LG-H831_Build/NRD90U,5,0.0
DEVICE_info_LG-H870DS_Build/NRD90U,5,0.0
DEVICE_info_TREKKER-X3_Build/MMB29M,5,0.0
DEVICE_info_TA-1025_Build/NMF26F,5,0.0
DEVICE_info_SAMSUNG-SM-G920A_Build/MMB29K,5,0.0
DEVICE_info_RNE-L23_Build/HUAWEIRNE-L23,5,0.0
DEVICE_info_RS988_Build/MMB29M,5,0.0
DEVICE_info_PULP_4G_Build/LMY47V,5,0.0
DEVICE_info_Pixel_2_Build/OPM1.171019.019,5,0.0
DEVICE_info_ONEPLUS_A5010_Build/OPM1.171019.011,5,0.0
DEVICE_info_ONE_A2005_Build/MMB29M,5,0.0
DEVICE_info_ONE_TOUCH_4016A_Build/JDQ39,5,0.0
DEVICE_info_Redmi_Note_4_Build/MMB29M,5,0.0
DEVICE_info_6039A_Build/LRX22G,5,0.0
DEVICE_info_XT1003,5,0.0
DEVICE_info_XT1008_Build/LPBS23.13-56-2,5,0.0
DEVICE_info_LG-H700_Build/NRD90U,5,0.0
DEVICE_info_XT1032,5,0.0
DEVICE_info_XT1032_Build/KXB21.14-L1.40,5,0.0
DEVICE_info_XT1032_Build/LPBS23.13-57-2,5,0.0
DEVICE_info_Vivo,5,0.0
DEVICE_info_WAS-TL10_Build/HUAWEIWAS-TL10,5,0.0
DEVICE_info_XT1572_Build/NPHS25.200-15-8,5,0.0
DEVICE_info_7048A_Build/LRX22G,5,0.0
DEVICE_info_LG-D850,5,0.0
DEVICE_info_Z798BL_Build/MMB29M,5,0.0
DEVICE_info_Z965_Build/NMF26V,5,0.0
DEVICE_info_XT1097,5,0.0
DEVICE_info_Pixel_2_Build/OPM2.171019.016,5,0.0
DEVICE_info_Pixel_2_XL_Build/OPM1.171019.013,5,0.0
DEVICE_info_Pixel_2_XL_Build/OPM2.171019.029.B1,5,0.0
DEVICE_info_Pixel_Build/OPM1.171019.012,5,0.0
DEVICE_info_rv:14.0,5,0.0
DEVICE_info_iris_870_Build/MRA58K,5,0.0
DEVICE_info_vivo,5,0.0
DEVICE_info_REX,4,0.0
DEVICE_info_orbis,4,0.0
DEVICE_info_SM-A510F_Build/MMB29K,4,0.0
DEVICE_info_TA-1028_Build/O00623,4,0.0
DEVICE_info_TA-1044_Build/OPR1.170623.026,4,0.0
DEVICE_info_STV100-2_Build/MMB29M,4,0.0
DEVICE_info_LG-K428_Build/NRD90U,4,0.0
DEVICE_info_FP2,4,0.0
DEVICE_info_SM-J510F,4,0.0
DEVICE_info_SM-J510FN,4,0.0
DEVICE_info_HTCD100LVWPP,4,0.0
DEVICE_info_SM-G930VL_Build/NRD90M,4,0.0
DEVICE_info_ONE_TOUCH_4033A_Build/JDQ39,4,0.0
DEVICE_info_Z971,4,0.0
DEVICE_info_5054N,4,0.0
DEVICE_info_SC-02H,4,0.0
DEVICE_info_SGH-M919_Build/KTU84P,4,0.0
DEVICE_info_SGP521,4,0.0
DEVICE_info_SM-T825_Build/NRD90M,4,0.0
DEVICE_info_HTC6535LVW,4,0.0
DEVICE_info_HTC6545LVW,4,0.0
DEVICE_info_SAMSUNG-SM-G890A_Build/MMB29K,4,0.0
DEVICE_info_SAMSUNG-SM-G900A_Build/LMY47X,4,0.0
DEVICE_info_SM-G928P_Build/NRD90M,4,0.0
DEVICE_info_SM-G920V,4,0.0
DEVICE_info_SM-G920W8,4,0.0
DEVICE_info_SAMSUNG_SM-N900W8_Build/LRX21V,4,0.0
DEVICE_info_FRD-L14_Build/HUAWEIFRD-L14,4,0.0
DEVICE_info_M4_SS4452_Build/LMY47V,4,0.0
DEVICE_info_TA-1027_Build/N2G47H,4,0.0
DEVICE_info_TA-1027_Build/OPR1.170623.026,4,0.0
DEVICE_info_E6810,4,0.0
DEVICE_info_E6853,4,0.0
DEVICE_info_SM-T520,4,0.0
DEVICE_info_SM-T550,4,0.0
DEVICE_info_SAMSUNG_SM-J530GM_Build/NRD90M,4,0.0
DEVICE_info_SAMSUNG_SM-J700T1_Build/NMF26X,4,0.0
DEVICE_info_A1601_Build/LMY47I,4,0.0
DEVICE_info_TA-1052,4,0.0
DEVICE_info_MotoG3_Build/MPIS24.107-55-2-17,4,0.0
DEVICE_info_MotoG3_Build/MPIS24.65-25.1-19,4,0.0
DEVICE_info_SAMSUNG-SM-J320A_Build/NMF26X,4,0.0
DEVICE_info_SM-G925F_Build/NRD90M,4,0.0
DEVICE_info_SM-G925I_Build/LMY47X,4,0.0
DEVICE_info_Lenovo_PB2-670Y_Build/MRA58K,4,0.0
DEVICE_info_Lenovo_TAB_2_A7-30GC_Build/KOT49H,4,0.0
DEVICE_info_Lenovo_TB-X103F_Build/LenovoTB-X103F,4,0.0
DEVICE_info_Lenovo_TB2-X30F_Build/LenovoTB2-X30F,4,0.0
DEVICE_info_LGLS992,4,0.0
DEVICE_info_LG-V521,4,0.0
DEVICE_info_LGL164VL_Build/NRD90U,4,0.0
DEVICE_info_LG-M430_Build/NRD90U,4,0.0
DEVICE_info_SM-G903M,4,0.0
DEVICE_info_KFSAWI,4,0.0
DEVICE_info_KIW-L24,4,0.0
DEVICE_info_SAMSUNG_SM-G9650_Build/R16NW,4,0.0
DEVICE_info_HUAWEI_Build/MMB28B,4,0.0
DEVICE_info_SM-G530T,4,0.0
DEVICE_info_E5606,4,0.0
DEVICE_info_VS425,4,0.0
DEVICE_info_LG-K371,4,0.0
DEVICE_info_G3123_Build/40.0.A.6.135,4,0.0
DEVICE_info_G3123_Build/40.0.A.6.189,4,0.0
DEVICE_info_LG-H901,4,0.0
DEVICE_info_SM-T217S_Build/KOT49H,4,0.0
DEVICE_info_SM-G610F,4,0.0
DEVICE_info_SM-P900,4,0.0
DEVICE_info_SAMSUNG-SM-N910A,4,0.0
DEVICE_info_SAMSUNG-SM-T337A_Build/LMY47X,4,0.0
DEVICE_info_LG-H830_Build/NRD90U,4,0.0
DEVICE_info_XT1058_Build/LPAS23.12-21.7-1,4,0.0
DEVICE_info_LG-K550_Build/NRD90U,4,0.0
DEVICE_info_SM-N920V,4,0.0
DEVICE_info_SM-G928G_Build/MMB29K,4,0.0
DEVICE_info_AX820_Build/MRA58K,4,0.0
DEVICE_info_Moto_E_(4)_Build/NCQ26.69-56,4,0.0
DEVICE_info_E5506,4,0.0
DEVICE_info_SAMSUNG_SM-G950U1_Build/NRD90M,4,0.0
DEVICE_info_VS996,4,0.0
DEVICE_info_VTR-L29,4,0.0
DEVICE_info_WAS-LX1_Build/HUAWEIWAS-LX1,4,0.0
DEVICE_info_Win64,4,0.0
DEVICE_info_SM-S903VL,4,0.0
DEVICE_info_HUAWEI_VNS-L21_Build/HUAWEIVNS-L21,4,0.0
DEVICE_info_Lenovo_YT3-X50F_Build/MMB29M,4,0.0
DEVICE_info_AERIAL,4,0.0
DEVICE_info_SM-G900H_Build/MMB29K,4,0.0
DEVICE_info_F3311,4,0.0
DEVICE_info_X3402,4,0.0
DEVICE_info_C6906,4,0.0
DEVICE_info_Moto_G_(5)_Build/NPPS25.137-93-8,4,0.0
DEVICE_info_Moto_G_(5)_Plus_Build/NPNS25.137-93-8,4,0.0
DEVICE_info_ALCATEL_ONE_TOUCH_7042A_Build/JDQ39,4,0.0
DEVICE_info_SM-N900V_Build/LRX21V,4,0.0
DEVICE_info_SAMSUNG_SM-A310F/A310FXXU4CRB1_Build/NRD90M,4,0.0
DEVICE_info_SAMSUNG_SM-G903F_Build/MMB29K,4,0.0
DEVICE_info_XT1021,4,0.0
DEVICE_info_LG-H631,4,0.0
DEVICE_info_LG-H650_Build/LMY47V,4,0.0
DEVICE_info_LG-H810,4,0.0
DEVICE_info_Dream,4,0.0
DEVICE_info_SM-N910T_Build/LMY47X,4,0.0
DEVICE_info_SM-G920P,4,0.0
DEVICE_info_SM-G720AX,4,0.0
DEVICE_info_SM-G850M,4,0.0
DEVICE_info_2PYB2,4,0.0
DEVICE_info_GT-I9300,4,0.0
DEVICE_info_GT-I9500,4,0.0
DEVICE_info_GT-I9505_Build/LRX22C,4,0.0
DEVICE_info_verykoolS5530_Build/LMY47I,4,0.0
DEVICE_info_0PM92,4,0.0
DEVICE_info_GT-P5210_Build/KOT49H,4,0.0
DEVICE_info_ZUUM_ZEN_I_Build/LRX21M,4,0.0
DEVICE_info_en-gb,4,0.0
DEVICE_info_ALUMINI,4,0.0
DEVICE_info_LGLS665_Build/LMY47V,4,0.0
DEVICE_info_LGLS770,4,0.0
DEVICE_info_iris_820_Build/MRA58K,4,0.0
DEVICE_info_LGLS751,3,0.0
DEVICE_info_LGL84VL_Build/NRD90U,3,0.0
DEVICE_info_LGL83BL,3,0.0
DEVICE_info_LIMIT,3,0.0
DEVICE_info_AM508,3,0.0
DEVICE_info_PH-1,3,0.0
DEVICE_info_P5526A_Build/NRD90M,3,0.0
DEVICE_info_P5026A,3,0.0
DEVICE_info_D6503,3,0.0
DEVICE_info_RCT6223W87,3,0.0
DEVICE_info_iris50,3,0.0
DEVICE_info_verykoolS5005,3,0.0
DEVICE_info_SM-G955U1_Build/R16NW,3,0.0
DEVICE_info_SM-J327VPP_Build/NRD90M,3,0.0
DEVICE_info_SM-J320V_Build/MMB29M,3,0.0
DEVICE_info_LGLS990,3,0.0
DEVICE_info_moto_g(6)_play_Build/OPP27.61-14-4,3,0.0
DEVICE_info_D2306_Build/18.6.A.0.182,3,0.0
DEVICE_info_GT-I9506,3,0.0
DEVICE_info_SM-G920T1,3,0.0
DEVICE_info_SM-G920R4,3,0.0
DEVICE_info_SM-G920I,3,0.0
DEVICE_info_SAMSUNG_SM-G530T_Build/LMY47X,3,0.0
DEVICE_info_SAMSUNG_SM-A730F_Build/NMF26X,3,0.0
DEVICE_info_Intel,3,0.0
DEVICE_info_NX521J,3,0.0
DEVICE_info_XT1008,3,0.0
DEVICE_info_5095I_Build/MRA58K,3,0.0
DEVICE_info_XT1064,3,0.0
DEVICE_info_F3113,3,0.0
DEVICE_info_F3111_Build/33.3.A.1.115,3,0.0
DEVICE_info_SM-G900F_Build/LRX21T,3,0.0
DEVICE_info_EML-L29_Build/HUAWEIEML-L29,3,0.0
DEVICE_info_SM-S902L,3,0.0
DEVICE_info_WOW64,3,0.0
DEVICE_info_SAMSUNG_SM-G892A_Build/R16NW,3,0.0
DEVICE_info_E2104,3,0.0
DEVICE_info_SM-G900P_Build/LRX21T,3,0.0
DEVICE_info_SM-G925W8,3,0.0
DEVICE_info_SM-N9500,3,0.0
DEVICE_info_LG-K550,3,0.0
DEVICE_info_XT1033,3,0.0
DEVICE_info_XT1092,3,0.0
DEVICE_info_LG-H815,3,0.0
DEVICE_info_Hisense_F8_MINI_Build/NRD90M,3,0.0
DEVICE_info_B1-750,3,0.0
DEVICE_info_KYOCERA-C6742A_Build/LMY47V,3,0.0
DEVICE_info_G3313,3,0.0
DEVICE_info_LG-K373,3,0.0
DEVICE_info_LG-K330,3,0.0
DEVICE_info_BV7000,3,0.0
DEVICE_info_SAMSUNG_SM-G925P_Build/NRD90M,3,0.0
DEVICE_info_VK700_Build/LRX22G,3,0.0
DEVICE_info_LG-M200_Build/NRD90U,3,0.0
DEVICE_info_LG-M154,3,0.0
DEVICE_info_LG-LS998,3,0.0
DEVICE_info_Aquaris_A4.5,3,0.0
DEVICE_info_SM-G390F,3,0.0
DEVICE_info_SM-G388F,3,0.0
DEVICE_info_SM-S920L,3,0.0
DEVICE_info_SM-T555,3,0.0
DEVICE_info_Hisense_E51_Build/LMY47V,3,0.0
DEVICE_info_KFSOWI,3,0.0
DEVICE_info_SAMSUNG-SM-J320AZ_Build/MMB29K,3,0.0
DEVICE_info_SAMSUNG-SM-G935A,3,0.0
DEVICE_info_SAMSUNG-SM-G930A,3,0.0
DEVICE_info_Build/OPR1.170623.032,3,0.0
DEVICE_info_8080_Build/LRX21M,3,0.0
DEVICE_info_6045I_Build/LRX22G,3,0.0
DEVICE_info_XT1580_Build/NPKS25.200-17-8,3,0.0
DEVICE_info_XT1580,3,0.0
DEVICE_info_XT1528,3,0.0
DEVICE_info_XT1225,3,0.0
DEVICE_info_P5006A_Build/NRD90M,3,0.0
DEVICE_info_P5006A,3,0.0
DEVICE_info_XT1609_Build/NPIS26.48-38-3,3,0.0
DEVICE_info_SM-G900W8,3,0.0
DEVICE_info_SM-G900T1,3,0.0
DEVICE_info_Z410,3,0.0
DEVICE_info_LGMS428,3,0.0
DEVICE_info_LGLS991,3,0.0
DEVICE_info_Z837VL,3,0.0
DEVICE_info_SAMSUNG-SM-N900A,3,0.0
DEVICE_info_KFMEWI,3,0.0
DEVICE_info_KFJWI,3,0.0
DEVICE_info_Moto_C_Build/NRD90M.046,3,0.0
DEVICE_info_A466BG,3,0.0
DEVICE_info_A0001_Build/MHC19Q,3,0.0
DEVICE_info_VS835,3,0.0
DEVICE_info_MotoG3_Build/MPI24.65-25.1,3,0.0
DEVICE_info_BLADE_V7_Build/MRA58K,3,0.0
DEVICE_info_E6833,3,0.0
DEVICE_info_SM-T670,3,0.0
DEVICE_info_TA-1027,3,0.0
DEVICE_info_TA-1025_Build/OPR1.170623.026,3,0.0
DEVICE_info_TA-1025,3,0.0
DEVICE_info_Techpad,3,0.0
DEVICE_info_TRT-LX3,3,0.0
DEVICE_info_TREKKER-M1,3,0.0
DEVICE_info_TOMMY2,3,0.0
DEVICE_info_ASUS_X00DDA,3,0.0
DEVICE_info_SM-J727P,3,0.0
DEVICE_info_SM-G928V,3,0.0
DEVICE_info_AX921_Build/MRA58K,3,0.0
DEVICE_info_ASUS_X00ID,3,0.0
DEVICE_info_LG-P714,3,0.0
DEVICE_info_verykoolS5525,3,0.0
DEVICE_info_Redmi_4A_Build/N2G47H,3,0.0
DEVICE_info_RS988,3,0.0
DEVICE_info_SAMSUNG-SM-G900A_Build/KOT49H,3,0.0
DEVICE_info_SAMSUNG-SGH-I497,3,0.0
DEVICE_info_HIGHWAY,3,0.0
DEVICE_info_GT-P5113,3,0.0
DEVICE_info_SM-A500FU_Build/MMB29M,3,0.0
DEVICE_info_BBB100-3,3,0.0
DEVICE_info_BBB100-1,3,0.0
DEVICE_info_B3-A40,3,0.0
DEVICE_info_SM-G318ML,3,0.0
DEVICE_info_SAMSUNG_SM-N900T_Build/LRX21V,3,0.0
DEVICE_info_SGH-M919V,3,0.0
DEVICE_info_SGH-I337M,3,0.0
DEVICE_info_ZTE_BLADE_A6_Build/NMF26F,3,0.0
DEVICE_info_ZTE-Z835,3,0.0
DEVICE_info_R2,3,0.0
DEVICE_info_S57_Build/KTU84P,3,0.0
DEVICE_info_ONE_A2003_Build/MMB29M,3,0.0
DEVICE_info_CPH1701,3,0.0
DEVICE_info_PSPC550_Build/LMY47D,3,0.0
DEVICE_info_SM-J700P,3,0.0
DEVICE_info_SM-G935W8,3,0.0
DEVICE_info_F80_PIABELLA_Build/MRA58K,3,0.0
DEVICE_info_F80'S+,3,0.0
DEVICE_info_LG-K420,3,0.0
DEVICE_info_LG-D213,3,0.0
DEVICE_info_STV100-1,3,0.0
DEVICE_info_STK_Sync_5e,3,0.0
DEVICE_info_SM-A320Y,3,0.0
DEVICE_info_SM-A320FL_Build/MMB29K,3,0.0
DEVICE_info_SM-A300M_Build/KTU84P,3,0.0
DEVICE_info_SM-A300FU_Build/MMB29M,3,0.0
DEVICE_info_REVVLPLUS,3,0.0
DEVICE_info_LG-D722,3,0.0
DEVICE_info_LG-D693n,3,0.0
DEVICE_info_LG-D625,3,0.0
DEVICE_info_RNE-L22_Build/HUAWEIRNE-L22,2,0.0
DEVICE_info_CPH1723,2,0.0
DEVICE_info_D2306,2,0.0
DEVICE_info_2PZC5,2,0.0
DEVICE_info_GT-I9195L,2,0.0
DEVICE_info_SM-J320VPP,2,0.0
DEVICE_info_HTCD160LVWPP,2,0.0
DEVICE_info_HTCD200LVW,2,0.0
DEVICE_info_Grand,2,0.0
DEVICE_info_rv:52.9,2,0.0
DEVICE_info_rv:61.0,2,0.0
DEVICE_info_4009F,2,0.0
DEVICE_info_SH-04F,2,0.0
DEVICE_info_SLA-L23,2,0.0
DEVICE_info_SM-A310M,2,0.0
DEVICE_info_TA-1038,2,0.0
DEVICE_info_TA-1038_Build/O00623,2,0.0
DEVICE_info_TA-1044,2,0.0
DEVICE_info_FEVER,2,0.0
DEVICE_info_SAMSUNG_SM-T813_Build/NRD90M,2,0.0
DEVICE_info_SGP511,2,0.0
DEVICE_info_SGP621_Build/23.5.A.1.291,2,0.0
DEVICE_info_Star,2,0.0
DEVICE_info_BG2-W09,2,0.0
DEVICE_info_T1,2,0.0
DEVICE_info_SM-T807V,2,0.0
DEVICE_info_GT-P5110,2,0.0
DEVICE_info_HP,2,0.0
DEVICE_info_TAB7,2,0.0
DEVICE_info_Mi,2,0.0
DEVICE_info_M4_SS4457-R_Build/NRD90M,2,0.0
DEVICE_info_SAMSUNG_SM-N920V_Build/NRD90M,2,0.0
DEVICE_info_SM-T585,2,0.0
DEVICE_info_SM-A710M,2,0.0
DEVICE_info_SM-E500M,2,0.0
DEVICE_info_MALC,2,0.0
DEVICE_info_MAMI,2,0.0
DEVICE_info_MI_MAX_2_Build/NMF26F,2,0.0
DEVICE_info_MTT,2,0.0
DEVICE_info_SM-E700M,2,0.0
DEVICE_info_SM-T377T,2,0.0
DEVICE_info_SM-T377V,2,0.0
DEVICE_info_BND-L34,2,0.0
DEVICE_info_BNTV400,2,0.0
DEVICE_info_GRANT,2,0.0
DEVICE_info_VS985,2,0.0
DEVICE_info_A3_mini,2,0.0
DEVICE_info_U,2,0.0
DEVICE_info_UL40,2,0.0
DEVICE_info_VS820,2,0.0
DEVICE_info_Moto_C_Build/NRD90M.050,2,0.0
DEVICE_info_SAMSUNG_SM-G955F_Build/R16NW,2,0.0
DEVICE_info_SAMSUNG_SM-G9600_Build/R16NW,2,0.0
DEVICE_info_SAMSUNG_SM-G965U1_Build/R16NW,2,0.0
DEVICE_info_SAMSUNG_SM-T550_Build/NMF26X,2,0.0
DEVICE_info_GT-N7100,2,0.0
DEVICE_info_GT-N8000,2,0.0
DEVICE_info_SM-G361F,2,0.0
DEVICE_info_SM-G386T,2,0.0
DEVICE_info_SM-G530M,2,0.0
DEVICE_info_LG-M150,2,0.0
DEVICE_info_E5803,2,0.0
DEVICE_info_E6603,2,0.0
DEVICE_info_DT0704K08,2,0.0
DEVICE_info_LG-H850,2,0.0
DEVICE_info_LG-H900/H90022b,2,0.0
DEVICE_info_G620S-L03,2,0.0
DEVICE_info_SM-G615F,2,0.0
DEVICE_info_Aquaris_U_Plus_Build/NMF26F,2,0.0
DEVICE_info_Aquaris_X5_Plus_Build/NMF26F,2,0.0
DEVICE_info_Archos,2,0.0
DEVICE_info_SM-T320_Build/KOT49H,2,0.0
DEVICE_info_SM-T337V,2,0.0
DEVICE_info_SM-P605V,2,0.0
DEVICE_info_SM-P607T,2,0.0
DEVICE_info_SM-S327VL,2,0.0
DEVICE_info_Blade_A460_Build/LMY47O,2,0.0
DEVICE_info_Joy,2,0.0
DEVICE_info_K90U,2,0.0
DEVICE_info_VS996_Build/OPR1.170623.026,2,0.0
DEVICE_info_WAS-L03T_Build/HUAWEIWAS-L03T,2,0.0
DEVICE_info_VFD,2,0.0
DEVICE_info_EGO,2,0.0
DEVICE_info_Edison,2,0.0
DEVICE_info_Energy_X_2_Build/E050L,2,0.0
DEVICE_info_LOGIC,2,0.0
DEVICE_info_LT30p,2,0.0
DEVICE_info_G527-U081,2,0.0
DEVICE_info_SM-N910H,2,0.0
DEVICE_info_SM-N910P,2,0.0
DEVICE_info_D6708,2,0.0
DEVICE_info_Hisense_T963_Build/MRA58K,2,0.0
DEVICE_info_IdeaTab,2,0.0
DEVICE_info_N817,2,0.0
DEVICE_info_LG-H932,2,0.0
DEVICE_info_LG-H960,2,0.0
DEVICE_info_LG-H540,2,0.0
DEVICE_info_LG-H735_Build/LMY47V,2,0.0
DEVICE_info_XT1032_Build/KXB20.9-1.10-1.24-1.1,2,0.0
DEVICE_info_LG-SP320,2,0.0
DEVICE_info_SM-G892A,2,0.0
DEVICE_info_SM-G900I,2,0.0
DEVICE_info_F3213,2,0.0
DEVICE_info_XT1068,2,0.0
DEVICE_info_X78,2,0.0
DEVICE_info_Ilium_X220_Build/MRA58K,2,0.0
DEVICE_info_Ilium_L1000_Build/LRX22G,2,0.0
DEVICE_info_SAMSUNG_SM-G800F_Build/MMB29K,2,0.0
DEVICE_info_C6903,2,0.0
DEVICE_info_COVET_Build/NRD90M,2,0.0
DEVICE_info_LG-H812,2,0.0
DEVICE_info_LG-H820,2,0.0
DEVICE_info_LG-H830,2,0.0
DEVICE_info_LG-E450f,2,0.0
DEVICE_info_LG-E975,2,0.0
DEVICE_info_XT1096,2,0.0
DEVICE_info_LG-LK460,2,0.0
DEVICE_info_SM-G925P_Build/NRD90M,2,0.0
DEVICE_info_AX821_Build/MRA58K,2,0.0
DEVICE_info_SM-G900R4,2,0.0
DEVICE_info_SM-G900V,2,0.0
DEVICE_info_Origins,2,0.0
DEVICE_info_P00C,2,0.0
DEVICE_info_Z,2,0.0
DEVICE_info_XT1563,2,0.0
DEVICE_info_XT1575,2,0.0
DEVICE_info_XT1575_Build/NPHS25.200-23-1,2,0.0
DEVICE_info_XT1609,2,0.0
DEVICE_info_C1904,2,0.0
DEVICE_info_SAMSUNG-SM-J120A,2,0.0
DEVICE_info_SAMSUNG-SM-J320AZ,2,0.0
DEVICE_info_SAMSUNG-SM-J727AZ,2,0.0
DEVICE_info_SAMSUNG-SM-J727A_Build/NRD90M,2,0.0
DEVICE_info_Z833,2,0.0
DEVICE_info_Z839,2,0.0
DEVICE_info_Z963VL,2,0.0
DEVICE_info_XT1609_Build/MPIS24.241-2.35-1-17,2,0.0
DEVICE_info_E6633,2,0.0
DEVICE_info_LGL163BL,2,0.0
DEVICE_info_LG-M257,2,0.0
DEVICE_info_LG-M322,2,0.0
DEVICE_info_Z557BL,2,0.0
DEVICE_info_Z799VL,2,0.0
DEVICE_info_S70V,2,0.0
DEVICE_info_SAMSUNG-SGH-I337,2,0.0
DEVICE_info_SAMSUNG-SM-G920AZ,2,0.0
DEVICE_info_PLUS,2,0.0
DEVICE_info_LG-H443/H44312g,2,0.0
DEVICE_info_LG-H525n_Build/MRA58K,2,0.0
DEVICE_info_LG-P708g,2,0.0
DEVICE_info_Advance,2,0.0
DEVICE_info_Alcatel_4060A,2,0.0
DEVICE_info_Alumini3Plus,2,0.0
DEVICE_info_Alumini3_Build/MRA58K,2,0.0
DEVICE_info_SM-N9005_Build/LRX21V,2,0.0
DEVICE_info_SM-N900P_Build/LRX21V,2,0.0
DEVICE_info_ASUS_X00DD,2,0.0
DEVICE_info_SM-J500H,2,0.0
DEVICE_info_SM-J510FN_Build/NMF26X,2,0.0
DEVICE_info_SM-J530G,2,0.0
DEVICE_info_ATT-IE11,2,0.0
DEVICE_info_AX1070,2,0.0
DEVICE_info_SM-G955F,2,0.0
DEVICE_info_SM-G930T1,2,0.0
DEVICE_info_SM-G935U,2,0.0
DEVICE_info_SM-J700F,2,0.0
DEVICE_info_RCT6513W87_Build/MRA58K,2,0.0
DEVICE_info_RCT6773W22B,2,0.0
DEVICE_info_RCT6S03W12,2,0.0
DEVICE_info_ONEPLUS,2,0.0
DEVICE_info_R1,2,0.0
DEVICE_info_ZEIA8,2,0.0
DEVICE_info_5017A,2,0.0
DEVICE_info_5042A,2,0.0
DEVICE_info_Gravity_Build/NRD90M,2,0.0
DEVICE_info_5056N,2,0.0
DEVICE_info_ZUR70016,2,0.0
DEVICE_info_R831L,2,0.0
DEVICE_info_D5316,2,0.0
DEVICE_info_PE-TL10,2,0.0
DEVICE_info_RCT6303W87M7_Build/MRA58K,2,0.0
DEVICE_info_SM-J100MU,2,0.0
DEVICE_info_LGUS991,2,0.0
DEVICE_info_LGL52VL_Build/LMY47V,2,0.0
DEVICE_info_LGL58VL,2,0.0
DEVICE_info_LGL62VL,2,0.0
DEVICE_info_SM-J200H,2,0.0
DEVICE_info_LGLS675_Build/LMY47V,2,0.0
DEVICE_info_LGLS775_Build/MMB29M,2,0.0
DEVICE_info_4027A_Build/KOT49H,2,0.0
DEVICE_info_rv:37.0,2,0.0
DEVICE_info_m3,2,0.0
DEVICE_info_GT-I9515,2,0.0
DEVICE_info_GT-S7390,2,0.0
DEVICE_info_rv:33.0,2,0.0
DEVICE_info_verykools5004,2,0.0
DEVICE_info_verykools4009,2,0.0
DEVICE_info_GT-S5310L,1,0.0
DEVICE_info_verykools5034,1,0.0
DEVICE_info_verykools5035,1,0.0
DEVICE_info_xs-Z47b7VqTMxs,1,0.0
DEVICE_info_rv:29.0,1,0.0
DEVICE_info_GT-N5110,1,0.0
DEVICE_info_4034G,1,0.0
DEVICE_info_4034E,1,0.0
DEVICE_info_D2406,1,0.0
DEVICE_info_D5106,1,0.0
DEVICE_info_D5306,1,0.0
DEVICE_info_verykoolS5019,1,0.0
DEVICE_info_4003A,1,0.0
DEVICE_info_Grand2c,1,0.0
DEVICE_info_H1611,1,0.0
DEVICE_info_H3321,1,0.0
DEVICE_info_5057M,1,0.0
DEVICE_info_D5503,1,0.0
DEVICE_info_PLAYTAB,1,0.0
DEVICE_info_PLE-701L,1,0.0
DEVICE_info_RCT6K03W13,1,0.0
DEVICE_info_PRA507,1,0.0
DEVICE_info_CPH1607,1,0.0
DEVICE_info_Redmi_Note_5A_Build/N2G47H,1,0.0
DEVICE_info_ATT,1,0.0
DEVICE_info_LGMS631,1,0.0
DEVICE_info_LGUS990,1,0.0
DEVICE_info_LGUS992,1,0.0
DEVICE_info_LGL33L/V100,1,0.0
DEVICE_info_LGL41C,1,0.0
DEVICE_info_LGL57BL,1,0.0
DEVICE_info_SM-J120M,1,0.0
DEVICE_info_SM-J120W,1,0.0
DEVICE_info_LGLK430,1,0.0
DEVICE_info_LGLS755,1,0.0
DEVICE_info_F3313,1,0.0
DEVICE_info_LG-V410/V41020c,1,0.0
DEVICE_info_LG-V495/V49520l,1,0.0
DEVICE_info_SM-J250M_Build/NMF26X,1,0.0
DEVICE_info_SM-J320H,1,0.0
DEVICE_info_SM-G935T,1,0.0
DEVICE_info_SM-G935V,1,0.0
DEVICE_info_SM-J700T1,1,0.0
DEVICE_info_SM-J330F,1,0.0
DEVICE_info_SM-J330FN_Build/NRD90M,1,0.0
DEVICE_info_SM-J500FN,1,0.0
DEVICE_info_SM-J500G,1,0.0
DEVICE_info_ALTER,1,0.0
DEVICE_info_ANE-LX3_Build/HUAWEIANE-LX3,1,0.0
DEVICE_info_AOC_U706G,1,0.0
DEVICE_info_ASTRO,1,0.0
DEVICE_info_ASUS,1,0.0
DEVICE_info_ASUS_A001,1,0.0
DEVICE_info_ASUS_Z01BDA,1,0.0
DEVICE_info_ASUS_Z01BDC,1,0.0
DEVICE_info_ASUS_Z01KD,1,0.0
DEVICE_info_Alcatel,1,0.0
DEVICE_info_Alcatel_5054O,1,0.0
DEVICE_info_Alcatel_5056O,1,0.0
DEVICE_info_SM-G928P,1,0.0
DEVICE_info_SM-J730F,1,0.0
DEVICE_info_SM-N900T,1,0.0
DEVICE_info_ASUS_P00J,1,0.0
DEVICE_info_ASUS_X008D_Build/NRD90M,1,0.0
DEVICE_info_ASUS_X00HD_Build/NMF26F,1,0.0
DEVICE_info_SM-J510MN_Build/NMF26X,1,0.0
DEVICE_info_AX1060,1,0.0
DEVICE_info_AX705,1,0.0
DEVICE_info_SM-G950U1_Build/R16NW,1,0.0
DEVICE_info_SM-G930P,1,0.0
DEVICE_info_SM-G930R7,1,0.0
DEVICE_info_SM-G930T,1,0.0
DEVICE_info_SM-G9250,1,0.0
DEVICE_info_SM-G925I,1,0.0
DEVICE_info_E6653_Build/32.4.A.1.54,1,0.0
DEVICE_info_LGMS323,1,0.0
DEVICE_info_LGMS345,1,0.0
DEVICE_info_LGMS395,1,0.0
DEVICE_info_SM-J7108,1,0.0
DEVICE_info_SM-J710GN,1,0.0
DEVICE_info_LG-V496,1,0.0
DEVICE_info_LG-V500,1,0.0
DEVICE_info_LG-V520,1,0.0
DEVICE_info_LG-V522,1,0.0
DEVICE_info_LG-V700,1,0.0
DEVICE_info_LG-V930,1,0.0
DEVICE_info_ASUS_X018D,1,0.0
DEVICE_info_ASUS_Z00ED,1,0.0
DEVICE_info_SM-G7105,1,0.0
DEVICE_info_SM-G730V,1,0.0
DEVICE_info_SM-G900FD,1,0.0
DEVICE_info_SM-G900L,1,0.0
DEVICE_info_LG-LG870,1,0.0
DEVICE_info_SM-N915V,1,0.0
DEVICE_info_SM-N920P,1,0.0
DEVICE_info_SM-N920R4,1,0.0
DEVICE_info_SM-N920T,1,0.0
DEVICE_info_SM-N950F_Build/R16NW,1,0.0
DEVICE_info_A577VL,1,0.0
DEVICE_info_SM-G925R4,1,0.0
DEVICE_info_SM-G928F,1,0.0
DEVICE_info_SM-G928G,1,0.0
DEVICE_info_SM-G900V_Build/LRX21T,1,0.0
DEVICE_info_SM-G901F,1,0.0
DEVICE_info_HUAWEI_LYO-L21_Build/HUAWEILYO-L21,1,0.0
DEVICE_info_E8QP,1,0.0
DEVICE_info_Linux,1,0.0
DEVICE_info_LS5,1,0.0
DEVICE_info_Le,1,0.0
DEVICE_info_A621R,1,0.0
DEVICE_info_A9,1,0.0
DEVICE_info_A952,1,0.0
DEVICE_info_A97,1,0.0
DEVICE_info_AERIAL_Build/NRD90M,1,0.0
DEVICE_info_AKUS,1,0.0
DEVICE_info_SM-N950W,1,0.0
DEVICE_info_SM-N910T3,1,0.0
DEVICE_info_LG-SP200,1,0.0
DEVICE_info_SM-G903W,1,0.0
DEVICE_info_SM-G920T,1,0.0
DEVICE_info_Azumi_KINZO_A5_QL,1,0.0
DEVICE_info_B1-790,1,0.0
DEVICE_info_SM-G530T1,1,0.0
DEVICE_info_SM-G530W,1,0.0
DEVICE_info_SM-G531F,1,0.0
DEVICE_info_SM-G550T2,1,0.0
DEVICE_info_SM-T330,1,0.0
DEVICE_info_SM-P355M,1,0.0
DEVICE_info_SM-P550,1,0.0
DEVICE_info_SM-P600,1,0.0
DEVICE_info_SM-S120VL,1,0.0
DEVICE_info_SM-S320VL,1,0.0
DEVICE_info_SM-S550TL,1,0.0
DEVICE_info_SM-S820L,1,0.0
DEVICE_info_SM-G900P,1,0.0
DEVICE_info_HUAWEI_LUA-U23_Build/HUAWEILUA-U23,1,0.0
DEVICE_info_SM-G530P,1,0.0
DEVICE_info_Android_7.1.2,1,0.0
DEVICE_info_SM-A520F_Build/R16NW,1,0.0
DEVICE_info_SM-A520W,1,0.0
DEVICE_info_SM-S975L,1,0.0
DEVICE_info_SM-T210,1,0.0
DEVICE_info_LG-LS995,1,0.0
DEVICE_info_LG-M255,1,0.0
DEVICE_info_KYY22,1,0.0
DEVICE_info_Kylin,1,0.0
DEVICE_info_LAVA_A3,1,0.0
DEVICE_info_SM-T237P,1,0.0
DEVICE_info_SM-T285M,1,0.0
DEVICE_info_G630-U251,1,0.0
DEVICE_info_SM-G570F,1,0.0
DEVICE_info_Aquaris_X_Build/NMF26F,1,0.0
DEVICE_info_ME173X,1,0.0
DEVICE_info_ME301T,1,0.0
DEVICE_info_E6683,1,0.0
DEVICE_info_E6790TM,1,0.0
DEVICE_info_SM-T377P,1,0.0
DEVICE_info_SM-T377W,1,0.0
DEVICE_info_SM-T380,1,0.0
DEVICE_info_SM-T530,1,0.0
DEVICE_info_SM-T537V,1,0.0
DEVICE_info_GT-N8010,1,0.0
DEVICE_info_SM-S906L,1,0.0
DEVICE_info_SM-S907VL,1,0.0
DEVICE_info_HTC_U11_Build/OPR6.170623.013,1,0.0
DEVICE_info_SM-G386W,1,0.0
DEVICE_info_SM-G390W,1,0.0
DEVICE_info_SM-G530FZ,1,0.0
DEVICE_info_SM-T818V,1,0.0
DEVICE_info_SM-T827R4,1,0.0
DEVICE_info_SMART,1,0.0
DEVICE_info_SP7731G,1,0.0
DEVICE_info_SPH-L720,1,0.0
DEVICE_info_SPH-L720T,1,0.0
DEVICE_info_GT-P3100,1,0.0
DEVICE_info_HT0701A16,1,0.0
DEVICE_info_HT0703K16,1,0.0
DEVICE_info_HTC6500LVW,1,0.0
DEVICE_info_HTC6525LVW,1,0.0
DEVICE_info_SM-T580,1,0.0
DEVICE_info_SM-T587P,1,0.0
DEVICE_info_SM-T355Y_Build/NMF26X,1,0.0
DEVICE_info_SM-A800I,1,0.0
DEVICE_info_SM-C900F,1,0.0
DEVICE_info_SM-G350M,1,0.0
DEVICE_info_SM-G360F,1,0.0
DEVICE_info_SM-G360M,1,0.0
DEVICE_info_SM-G360V,1,0.0
DEVICE_info_B1-810,1,0.0
DEVICE_info_B3-A20,1,0.0
DEVICE_info_BBA100-1,1,0.0
DEVICE_info_BBA100-2,1,0.0
DEVICE_info_BBB100-2,1,0.0
DEVICE_info_T08,1,0.0
DEVICE_info_TA-1003,1,0.0
DEVICE_info_TA-1004,1,0.0
DEVICE_info_SM-T705,1,0.0
DEVICE_info_SM-T807T,1,0.0
DEVICE_info_SM-T810,1,0.0
DEVICE_info_SM-T817T,1,0.0
DEVICE_info_SM-A500H,1,0.0
DEVICE_info_SM-A500W,1,0.0
DEVICE_info_SKY_5.0LM,1,0.0
DEVICE_info_SLA-L02,1,0.0
DEVICE_info_SLA-L22,1,0.0
DEVICE_info_SLAY,1,0.0
DEVICE_info_SM-A300H,1,0.0
DEVICE_info_SM-A300M,1,0.0
DEVICE_info_TA-1032,1,0.0
DEVICE_info_STELLAR,1,0.0
DEVICE_info_STUDIO_G_HD,1,0.0
DEVICE_info_STV100-3,1,0.0
DEVICE_info_Shift_Build/LMY47I,1,0.0
DEVICE_info_Stellar,1,0.0
DEVICE_info_Swift,1,0.0
DEVICE_info_SM-G313ML,1,0.0
DEVICE_info_M10/Q1010,1,0.0
DEVICE_info_M431,1,0.0
DEVICE_info_MAGNO,1,0.0
DEVICE_info_SAMSUNG_SM-N950U1_Build/R16NW,1,0.0
DEVICE_info_LDN-LX3_Build/HUAWEILDN-LX3,1,0.0
DEVICE_info_LEX829,1,0.0
DEVICE_info_LG-D320,1,0.0
DEVICE_info_F8131,1,0.0
DEVICE_info_F8332,1,0.0
DEVICE_info_SM-A500FU,1,0.0
DEVICE_info_SCH-I435,1,0.0
DEVICE_info_SCH-I535,1,0.0
DEVICE_info_SENS,1,0.0
DEVICE_info_SGH-I747M,1,0.0
DEVICE_info_SGH-M919N,1,0.0
DEVICE_info_SGP611,1,0.0
DEVICE_info_A5002,1,0.0
DEVICE_info_A50C+,1,0.0
DEVICE_info_U_FEEL_LITE_Build/MRA58K,1,0.0
DEVICE_info_V.40R,1,0.0
DEVICE_info_Tab2A7-10F,1,0.0
DEVICE_info_Tornado,1,0.0
DEVICE_info_9022X,1,0.0
DEVICE_info_916,1,0.0
DEVICE_info_9203A_Build/MRA58K,1,0.0
DEVICE_info_TA-1020,1,0.0
DEVICE_info_SAMSUNG_SM-N910V_Build/MMB29M,1,0.0
DEVICE_info_FTJ152D,1,0.0
DEVICE_info_Fusion5_u7,1,0.0
DEVICE_info_MYA-L11,1,0.0
DEVICE_info_MYA-L23,1,0.0
DEVICE_info_Max,1,0.0
DEVICE_info_SAMSUNG_SM-G950U1_Build/R16NW,1,0.0
DEVICE_info_SAMSUNG_SM-T800_Build/MMB29K,1,0.0
DEVICE_info_BND-L21_Build/HONORBND-L21,1,0.0
DEVICE_info_BV6000,1,0.0
DEVICE_info_G8142,1,0.0
DEVICE_info_G8341,1,0.0
DEVICE_info_GRACE,1,0.0
DEVICE_info_GT-I8190N,1,0.0
DEVICE_info_GT-I8200N,1,0.0
DEVICE_info_VS880,1,0.0
DEVICE_info_VS880PP,1,0.0
DEVICE_info_A0001,1,0.0
DEVICE_info_A1-850,1,0.0
DEVICE_info_A3-A20,1,0.0
DEVICE_info_A37f,1,0.0
DEVICE_info_A463BG,1,0.0
DEVICE_info_Mobiistar_LAI_Yuna_X,1,0.0
DEVICE_info_MotoG3-TE,1,0.0
DEVICE_info_SAMSUNG_SM-J111M_Build/LMY47V,1,0.0
DEVICE_info_SAMSUNG_SM-J320F_Build/LMY47V,1,0.0
DEVICE_info_SAMSUNG_SM-J327AZ_Build/NRD90M,1,0.0
DEVICE_info_BV8000Pro,1,0.0
DEVICE_info_Beat,1,0.0
DEVICE_info_DUK-AL20,1,0.0
DEVICE_info_Dash,1,0.0
DEVICE_info_VK810,1,0.0
DEVICE_info_VK815,1,0.0
DEVICE_info_VS500,1,0.0
DEVICE_info_LG-K212,1,0.0
DEVICE_info_LG-K350,1,0.0
DEVICE_info_G25524K,1,0.0
DEVICE_info_Helix,1,0.0
DEVICE_info_XT1031,1,0.0
DEVICE_info_E2006,1,0.0
DEVICE_info_E2303,1,0.0
DEVICE_info_E501,1,0.0
DEVICE_info_E5306,1,0.0
DEVICE_info_Bolt,1,0.0
DEVICE_info_K10,1,0.0
DEVICE_info_K88,1,0.0
DEVICE_info_VT0701A08,1,0.0
DEVICE_info_Venue,1,0.0
DEVICE_info_VerykoolS5030,1,0.0
DEVICE_info_WAS-LX2J,1,0.0
DEVICE_info_Wileyfox,1,0.0
DEVICE_info_X10,1,0.0
DEVICE_info_V502015,1,0.0
DEVICE_info_Minion_Tab,1,0.0
DEVICE_info_D6603,1,0.0
DEVICE_info_DASH,1,0.0
DEVICE_info_DOMOS,1,0.0
DEVICE_info_ICON,1,0.0
DEVICE_info_IO,1,0.0
DEVICE_info_IdeaTabA1000-F,1,0.0
DEVICE_info_IdeaTabA2109A,1,0.0
DEVICE_info_N9136,1,0.0
DEVICE_info_N9560_Build/NMF26F,1,0.0
DEVICE_info_NX16A8116KP,1,0.0
DEVICE_info_LG-H931,1,0.0
DEVICE_info_LG-H933,1,0.0
DEVICE_info_F5122,1,0.0
DEVICE_info_F5321_Build/34.2.A.2.47,1,0.0
DEVICE_info_LG-H810/H81021z,1,0.0
DEVICE_info_XT1023,1,0.0
DEVICE_info_XT1080,1,0.0
DEVICE_info_XT1094,1,0.0
DEVICE_info_XT1095,1,0.0
DEVICE_info_XT1055,1,0.0
DEVICE_info_XT1058,1,0.0
DEVICE_info_XT1060,1,0.0
DEVICE_info_XT1063,1,0.0
DEVICE_info_XT1072,1,0.0
DEVICE_info_6037B,1,0.0
DEVICE_info_X900+,1,0.0
DEVICE_info_Infinit,1,0.0
DEVICE_info_Infinix,1,0.0
DEVICE_info_C6603,1,0.0
DEVICE_info_CAM-L23,1,0.0
DEVICE_info_CLT-L09,1,0.0
DEVICE_info_K92,1,0.0
DEVICE_info_Nexus_5X_Build/OPR4.170623.006,1,0.0
DEVICE_info_Northwell,1,0.0
DEVICE_info_O1,1,0.0
DEVICE_info_Moto_G_(5)_Plus_Build/NPN25.137-15,1,0.0
DEVICE_info_Moto_G_Play_Build/NJH47F,1,0.0
DEVICE_info_SAMSUNG_SM-A310M_Build/LMY47X,1,0.0
DEVICE_info_Hisense_F24_Build/NRD90M,1,0.0
DEVICE_info_SAMSUNG-SM-N920A,1,0.0
DEVICE_info_SAMSUNG-SM-T377A,1,0.0
DEVICE_info_SAMSUNG-SM-T537A,1,0.0
DEVICE_info_ORION,1,0.0
DEVICE_info_LG-H810/H81022f,1,0.0
DEVICE_info_LG-D851,1,0.0
DEVICE_info_LG-D959,1,0.0
DEVICE_info_831C,1,0.0
DEVICE_info_9002A,1,0.0
DEVICE_info_P01M,1,0.0
DEVICE_info_P027,1,0.0
DEVICE_info_NX785QC8G,1,0.0
DEVICE_info_NXA116QC164,1,0.0
DEVICE_info_NXA8QC116,1,0.0
DEVICE_info_NYX_A1,1,0.0
DEVICE_info_Neffos_X1_Max_Build/NRD90M,1,0.0
DEVICE_info_NetHelper70,1,0.0
DEVICE_info_SAMSUNG-SM-T677A,1,0.0
DEVICE_info_SAMSUNG-SM-T807A,1,0.0
DEVICE_info_SAMSUNG-SM-T817A,1,0.0
DEVICE_info_Z2,1,0.0
DEVICE_info_XT1254,1,0.0
DEVICE_info_XT1580_Build/NPKS25.200-12-9,1,0.0
DEVICE_info_6055B,1,0.0
DEVICE_info_7_Plus,1,0.0
DEVICE_info_Build/KOT49H,1,0.0
DEVICE_info_C2104,1,0.0
DEVICE_info_SAMSUNG-SM-G925A,1,0.0
DEVICE_info_SAMSUNG-SM-G930AZ,1,0.0
DEVICE_info_SAMSUNG-SM-J327AZ,1,0.0
DEVICE_info_Z836BL,1,0.0
DEVICE_info_Z955A,1,0.0
DEVICE_info_Z959_Build/LMY47V,1,0.0
DEVICE_info_Z970,1,0.0
DEVICE_info_XT1635-02_Build/OPN27.76-12-22,1,0.0
DEVICE_info_XT1680,1,0.0
DEVICE_info_XT1710-02,1,0.0
DEVICE_info_Y550-L02,1,0.0
DEVICE_info_YOGA,1,0.0
DEVICE_info_YOLO,1,0.0
DEVICE_info_P00A,1,0.0
DEVICE_info_SAMSUNG-SM-G900A,1,0.0
DEVICE_info_PLK-L01_Build/HONORPLK-L01,1,0.0
DEVICE_info_PMID7102DC,1,0.0
DEVICE_info_Z812,1,0.0
DEVICE_info_Z831,1,0.0
DEVICE_info_LG-E980h,1,0.0
DEVICE_info_LG-F400K,1,0.0
DEVICE_info_LG-H221,1,0.0
DEVICE_info_LG-H340AR,1,0.0
DEVICE_info_LG-H343,1,0.0
DEVICE_info_LG-H345,1,0.0
DEVICE_info_LG-H520,1,0.0
DEVICE_info_47418,1,0.0
DEVICE_info_0PAJ5,1,0.0
DEVICE_info_0PJA2,1,0.0
DEVICE_info_LG-D373,1,0.0
DEVICE_info_Robin,1,0.0
DEVICE_info_S471,1,0.0
DEVICE_info_S6000,1,0.0
DEVICE_info_QwestIE8,1,0.0
DEVICE_info_R8106,1,0.0
DEVICE_info_hp2015,1,0.0
DEVICE_info_ZA409,1,0.0
DEVICE_info_ZA509,1,0.0
DEVICE_info_ZA990,1,0.0
DEVICE_info_ZTE-Z956,1,0.0
DEVICE_info_ZTE_BLADE_A321_Build/NMF26F,1,0.0
DEVICE_info_5044A,1,0.0
DEVICE_info_5045I,1,0.0
DEVICE_info_SAMSUNG-SGH-I537,1,0.0
DEVICE_info_SAMSUNG-SM-G870A,1,0.0
DEVICE_info_SAMSUNG-SM-G890A,1,0.0
DEVICE_info_iPhone,1,0.0
DEVICE_info_GT-S7275B,1,0.0
DEVICE_info_iris702,1,0.0
DEVICE_info_iris80,1,0.0
DEVICE_info_LG-D400,1,0.0
DEVICE_info_LG-D680,1,0.0
DEVICE_info_LG-D681,1,0.0
DEVICE_info_LG-D693n_Build/KOT49I.V10a,1,0.0
DEVICE_info_LG-D725,1,0.0
DEVICE_info_LG-D802,1,0.0
DEVICE_info_H550,1,0.0
DEVICE_info_HELIO,1,0.0
DEVICE_info_GT-I9195I,1,0.0
DEVICE_info_QMV7A,1,0.0
DEVICE_info_QTASUN1,1,0.0
DEVICE_info_Coolpad,1,0.0
DEVICE_info_SM-J320W8,1,0.0
DEVICE_info_HTC_D10i,1,0.0
DEVICE_info_HTC_Desire_820,1,0.0
DEVICE_info_HTC_One,1,0.0
DEVICE_info_HTC_One_M8/4.28.502.2,1,0.0
DEVICE_info_HTC_One_M8s/2.12.111.1,1,0.0
DEVICE_info_SM-G955W,1,0.0
DEVICE_info_ASUS_Z00UD,1,0.0
DEVICE_info_ASUS_Z017DA,1,0.0
DEVICE_info_GT-S7582,1,0.0
DEVICE_info_GT-S7582L,1,0.0
DEVICE_info_Gigaset,1,0.0
DEVICE_info_1016S,1,0.0
DEVICE_info_2PQ93,1,0.0
DEVICE_info_verykoolS5524,1,0.0
DEVICE_info_verykool,1,0.0
